report_id,metric_name,reported_value,report_date,report_owner
R19090,Revenue,123796.08,2025-12-27,Finance
R27803,Orders,162463.36,2026-01-24,Sales
R51915,Revenue,130458.71,2025-10-21,Finance
R11986,Revenue,84472.35,2025-06-30,Operations
R79567,Revenue,153881.66,2025-12-13,Sales
R86191,Revenue,88167.72,2025-05-16,Finance
R35321,Revenue,136913.13,2025-07-06,Finance
R56801,Revenue,155562.04,2025-02-17,Operations
R38106,Tickets,151834.87,2025-04-26,Sales
R80584,Orders,54768.62,2025-02-15,Sales
R64882,Tickets,107287.67,2025-11-04,Finance
R39425,Revenue,174320.74,2025-06-03,Operations
R89162,Revenue,147654.84,2025-03-14,Finance
R96237,Orders,168576.55,2025-08-25,Operations
R36873,Tickets,187337.9,2025-12-12,Finance
R37074,Orders,173245.41,2025-12-31,Finance
R71112,Orders,63675.51,2025-03-01,Operations
R30632,Revenue,172092.91,2025-06-11,Sales
R92941,Revenue,105458.13,2025-11-27,Operations
R31114,Revenue,105699.51,2025-10-15,Sales
R25734,Orders,71338.0,2025-06-05,Finance
R62538,Tickets,170082.86,2025-03-09,Sales
R97992,Revenue,182813.22,2025-11-26,Finance
R66982,Orders,76844.99,2026-01-20,Operations
R90679,Revenue,124629.36,2025-11-17,Operations
R89638,Revenue,179911.65,2025-09-19,Sales
R59156,Orders,162944.33,2025-09-24,Operations
R53397,Tickets,91087.93,2025-11-14,Finance
R79943,Orders,106265.49,2025-05-08,Finance
R78949,Orders,100352.15,2025-10-07,Sales
R59115,Revenue,69563.72,2026-01-29,Finance
R66319,Tickets,157925.8,2025-05-09,Sales
R13081,Orders,60866.2,2025-05-22,Finance
R39157,Tickets,150868.02,2026-01-04,Sales
R95444,Revenue,201638.47,2025-04-23,Finance
R51937,Orders,84410.64,2025-05-19,Finance
R61392,Tickets,63867.12,2025-08-03,Finance
R97626,Revenue,175884.99,2025-08-04,Sales
R73286,Revenue,59359.99,2025-03-24,Sales
R29088,Tickets,63465.74,2025-05-31,Sales
R26171,Tickets,162114.16,2025-12-06,Finance
R27896,Tickets,145033.95,2025-04-01,Sales
R55276,Tickets,118376.18,2025-12-05,Sales
R18938,Revenue,86750.36,2025-03-16,Sales
R45827,Orders,177158.97,2025-03-14,Finance
R76147,Orders,52688.95,2025-11-08,Sales
R77313,Tickets,184644.89,2026-01-22,Finance
R25768,Revenue,119497.54,2025-09-18,Operations
R73850,Tickets,162754.8,2025-09-11,Operations
R75044,Tickets,99000.1,2025-04-04,Operations
R48299,Orders,63657.23,2025-07-25,Operations
R60990,Tickets,148613.38,2025-06-28,Sales
R51492,Tickets,105742.98,2025-10-07,Operations
R76743,Revenue,76827.83,2025-05-09,Sales
R61710,Revenue,98670.99,2025-06-01,Operations
R71436,Revenue,60399.57,2025-02-09,Operations
R69972,Revenue,120680.79,2025-12-14,Finance
R36041,Orders,107850.3,2025-12-09,Finance
R96061,Tickets,66265.88,2025-07-07,Operations
R77270,Tickets,105209.5,2025-03-21,Finance
R37009,Tickets,60631.09,2025-10-30,Operations
R17618,Revenue,135095.28,2025-11-03,Operations
R41291,Revenue,138776.63,2025-08-30,Sales
R32900,Tickets,183263.05,2025-09-15,Sales
R83016,Tickets,86560.36,2025-11-23,Sales
R18188,Orders,76048.26,2025-04-18,Finance
R37386,Revenue,172235.52,2025-05-16,Finance
R72714,Tickets,93780.02,2025-02-07,Sales
R88934,Orders,116920.92,2025-11-15,Finance
R84170,Tickets,144937.78,2025-06-17,Operations
R54090,Revenue,138188.51,2025-11-14,Operations
R56865,Orders,173698.14,2025-03-07,Finance
R23391,Orders,182090.3,2025-08-07,Sales
R12416,Orders,136760.7,2025-10-20,Operations
R60814,Orders,121952.39,2025-05-17,Sales
R21527,Tickets,172081.21,2025-07-23,Sales
R68079,Orders,88606.75,2025-11-15,Finance
R72356,Tickets,105777.54,2025-04-15,Finance
R42325,Tickets,101192.45,2026-01-05,Sales
R40163,Revenue,191716.5,2025-04-25,Finance
R74682,Orders,160159.48,2025-02-23,Finance
R45507,Tickets,165461.3,2025-02-06,Operations
R25957,Tickets,116086.44,2025-09-26,Finance
R37915,Revenue,103248.45,2026-01-19,Operations
R79500,Revenue,73150.65,2025-05-21,Operations
R61966,Tickets,152447.82,2025-10-15,Sales
R88367,Orders,51549.64,2026-01-07,Sales
R19264,Revenue,158286.86,2025-12-10,Operations
R65599,Revenue,109121.0,2026-01-24,Sales
R37080,Revenue,100144.43,2025-07-04,Finance
R90435,Revenue,130959.2,2025-08-14,Finance
R63014,Revenue,124842.83,2025-11-20,Finance
R38740,Tickets,148288.74,2025-06-08,Finance
R92972,Tickets,184010.77,2025-04-09,Sales
R15595,Tickets,111180.19,2025-11-17,Finance
R75002,Revenue,88116.95,2025-09-15,Finance
R95158,Orders,98645.33,2025-09-23,Sales
R49130,Orders,73650.65,2025-07-29,Sales
R36901,Revenue,131130.01,2026-01-10,Sales
R98837,Revenue,161133.69,2025-12-26,Finance
R21713,Tickets,173229.33,2025-07-08,Operations
R24218,Revenue,135959.19,2025-05-29,Operations
R50069,Revenue,49785.07,2025-07-12,Sales
R34193,Orders,132181.63,2025-05-19,Finance
R13678,Revenue,166863.64,2025-12-06,Operations
R26355,Orders,128831.96,2026-01-04,Sales
R33650,Orders,150977.08,2025-10-07,Operations
R59787,Tickets,121441.7,2025-07-22,Operations
R25102,Orders,192135.54,2025-02-18,Operations
R90658,Revenue,90539.0,2025-08-02,Operations
R81138,Orders,155225.86,2025-05-14,Sales
R59505,Orders,150983.17,2025-07-22,Sales
R72015,Revenue,63260.45,2025-02-09,Operations
R79629,Orders,130957.04,2025-03-18,Operations
R90669,Tickets,101588.8,2025-03-06,Sales
R64581,Revenue,62033.85,2025-11-24,Operations
R41541,Orders,154725.89,2025-09-08,Sales
R63535,Revenue,117821.68,2025-05-29,Sales
R68347,Orders,66667.46,2025-09-30,Operations
R54880,Revenue,51448.77,2025-04-08,Operations
R38910,Orders,94309.92,2025-05-25,Operations
R77363,Revenue,104713.34,2025-05-01,Sales
R26186,Tickets,65857.72,2025-12-29,Sales
R84162,Tickets,195003.37,2025-02-12,Operations
R88408,Tickets,114397.54,2025-05-05,Operations
R92742,Tickets,99198.99,2025-03-19,Operations
R79453,Tickets,162066.18,2025-02-09,Sales
R79649,Revenue,144062.37,2026-01-29,Operations
R97321,Tickets,75276.15,2025-03-01,Finance
R16310,Revenue,108811.26,2025-11-15,Finance
R49219,Revenue,99102.31,2025-08-25,Finance
R45485,Revenue,141192.37,2025-02-08,Finance
R10195,Tickets,131642.88,2025-07-17,Sales
R10057,Orders,79092.9,2025-10-19,Sales
R81554,Revenue,66792.59,2026-01-17,Sales
R47698,Revenue,165534.85,2025-04-17,Finance
R64280,Revenue,195952.99,2025-04-15,Finance
R13063,Revenue,106037.6,2025-06-22,Sales
R19257,Tickets,136176.92,2025-12-16,Sales
R72820,Tickets,115126.98,2025-07-21,Finance
R56193,Orders,129281.19,2025-07-04,Sales
R29569,Tickets,174177.49,2025-05-29,Sales
R48066,Revenue,137780.31,2025-07-28,Finance
R45969,Orders,163517.17,2025-03-23,Finance
R98581,Revenue,96364.15,2025-06-27,Finance
R90718,Revenue,150879.92,2025-12-17,Operations
R29783,Tickets,182246.1,2025-03-17,Sales
R21387,Tickets,119267.12,2025-09-11,Operations
R67286,Tickets,159192.44,2025-04-19,Sales
R51433,Revenue,147906.07,2026-01-30,Finance
R28177,Orders,194099.11,2025-08-31,Operations
R66098,Tickets,186187.29,2025-11-17,Sales
R66248,Tickets,178970.5,2025-02-20,Sales
R41182,Orders,159283.78,2025-08-13,Operations
R53411,Tickets,111834.43,2025-04-08,Sales
R17199,Orders,133305.84,2025-02-14,Sales
R51255,Tickets,189983.21,2025-05-29,Sales
R42914,Orders,152777.07,2025-02-16,Sales
R82754,Revenue,90183.18,2025-04-28,Sales
R26174,Revenue,88869.77,2026-01-15,Operations
R19377,Orders,180057.3,2025-08-05,Finance
R72996,Orders,94791.38,2025-04-06,Operations
R54913,Tickets,132168.11,2025-12-20,Operations
R96115,Tickets,79771.72,2025-11-22,Operations
R46220,Orders,199570.64,2025-05-20,Sales
R38112,Tickets,126303.3,2025-05-14,Finance
R49262,Revenue,93542.3,2025-06-17,Sales
R73776,Orders,144667.66,2025-09-25,Sales
R88051,Tickets,201922.86,2026-01-30,Finance
R24173,Tickets,54918.05,2025-04-13,Sales
R43955,Tickets,57006.46,2025-10-02,Operations
R68938,Orders,185523.48,2025-11-15,Finance
R62502,Orders,80892.31,2025-07-10,Finance
R86588,Orders,59232.91,2026-01-19,Sales
R76900,Revenue,137903.2,2025-05-13,Operations
R15750,Revenue,202982.68,2025-02-27,Finance
R73034,Orders,190946.98,2025-08-25,Sales
R40148,Orders,109884.56,2025-03-20,Operations
R74996,Revenue,95862.5,2025-03-03,Operations
R74964,Tickets,129275.04,2025-07-01,Sales
R11030,Tickets,206013.9,2025-05-15,Operations
R82618,Orders,88229.88,2025-09-25,Finance
R13626,Revenue,128488.97,2025-02-27,Finance
R56380,Revenue,79008.62,2026-01-13,Finance
R86655,Revenue,81360.72,2025-11-17,Finance
R91234,Orders,103757.77,2025-06-13,Finance
R12755,Orders,147616.15,2025-03-22,Finance
R73036,Tickets,190496.21,2025-12-01,Sales
R78269,Orders,148839.25,2025-10-23,Finance
R90892,Revenue,84635.48,2025-11-16,Finance
R19372,Revenue,137639.22,2025-07-25,Operations
R47915,Revenue,159455.79,2025-07-06,Operations
R37169,Tickets,71194.71,2025-04-28,Finance
R49771,Revenue,182855.64,2025-05-05,Finance
R53477,Tickets,120766.0,2025-09-08,Operations
R67658,Orders,132946.99,2025-10-19,Operations
R83859,Tickets,195943.96,2025-12-26,Sales
R43010,Revenue,86495.13,2025-11-18,Sales
R76688,Orders,106895.64,2025-07-28,Sales
R39958,Orders,90404.72,2025-04-15,Finance
R64481,Orders,60026.2,2025-12-07,Finance
R60247,Revenue,164839.31,2025-07-10,Sales
R16599,Revenue,94043.64,2025-11-07,Sales
R95954,Revenue,86316.61,2026-01-09,Finance
R49809,Tickets,53974.41,2025-04-12,Finance
R57722,Tickets,164869.17,2025-12-24,Finance
R62525,Tickets,92130.22,2025-12-18,Sales
R38340,Orders,93371.96,2025-06-27,Sales
R91341,Orders,177051.76,2025-03-29,Sales
R39837,Revenue,136314.85,2025-07-17,Finance
R60080,Orders,120762.23,2026-01-04,Sales
R64373,Orders,116714.01,2025-05-14,Sales
R45517,Tickets,191552.6,2025-02-12,Operations
R44923,Orders,156670.64,2025-12-31,Finance
R82318,Tickets,68194.07,2025-04-08,Sales
R27278,Revenue,62120.05,2025-05-25,Operations
R98144,Tickets,86210.79,2026-02-05,Finance
R82143,Tickets,75483.04,2025-10-12,Sales
R25157,Tickets,63357.09,2025-04-01,Sales
R11816,Orders,63019.78,2025-07-15,Sales
R44139,Tickets,143573.99,2025-08-20,Operations
R82780,Tickets,150603.34,2025-04-15,Sales
R35925,Revenue,75242.25,2025-04-03,Sales
R29493,Orders,199177.92,2025-04-05,Operations
R56482,Orders,64509.72,2025-03-18,Operations
R51205,Tickets,104684.38,2025-09-26,Finance
R99592,Revenue,93008.74,2025-05-02,Operations
R13324,Orders,67958.59,2025-09-27,Operations
R95675,Tickets,57348.4,2025-05-29,Operations
R29411,Tickets,106770.98,2025-12-13,Sales
R68493,Revenue,187240.57,2025-09-14,Operations
R15101,Tickets,123451.68,2025-09-26,Operations
R55681,Orders,143914.9,2025-10-13,Operations
R46580,Orders,87883.4,2025-06-29,Operations
R35310,Orders,131605.56,2025-06-19,Sales
R86607,Tickets,127896.52,2025-05-08,Operations
R19319,Revenue,163637.11,2025-09-06,Sales
R94425,Orders,147585.24,2025-12-25,Sales
R44589,Tickets,105100.99,2025-11-15,Finance
R83699,Tickets,113797.97,2025-03-28,Finance
R27702,Tickets,64586.69,2025-06-28,Sales
R38239,Tickets,145918.76,2025-12-01,Finance
R69325,Revenue,99699.47,2025-05-10,Operations
R64906,Orders,162384.51,2025-02-24,Finance
R36574,Orders,136869.52,2026-01-03,Operations
R46033,Revenue,73409.12,2025-05-05,Sales
R85024,Revenue,183906.68,2025-03-04,Sales
R56626,Tickets,187312.26,2025-10-29,Sales
R54904,Revenue,183681.37,2025-11-06,Finance
R41314,Orders,81407.81,2025-12-26,Sales
R52695,Tickets,175282.18,2025-11-13,Operations
R42329,Revenue,160617.65,2025-03-13,Operations
R32873,Tickets,190884.41,2025-03-14,Finance
R30398,Orders,171647.56,2025-11-17,Sales
R27271,Orders,133583.41,2025-03-20,Finance
R24924,Tickets,198783.69,2025-11-04,Sales
R68817,Tickets,64618.61,2025-05-30,Operations
R48878,Orders,149179.04,2025-08-14,Operations
R53997,Revenue,67222.31,2025-11-23,Sales
R15472,Tickets,156673.35,2026-01-09,Operations
R49191,Tickets,98924.52,2025-08-28,Sales
R32654,Tickets,179917.26,2025-07-06,Finance
R38290,Revenue,79111.79,2025-07-06,Finance
R31513,Tickets,176425.45,2025-02-18,Operations
R90484,Revenue,117807.16,2025-07-04,Sales
R88806,Tickets,165361.06,2025-09-28,Sales
R49836,Tickets,171674.22,2025-12-09,Finance
R25452,Orders,123048.41,2025-06-19,Operations
R26084,Orders,91613.68,2025-02-13,Sales
R81259,Orders,63661.76,2025-10-06,Finance
R29738,Orders,157012.63,2025-02-26,Operations
R28253,Tickets,129634.41,2025-06-06,Operations
R55585,Tickets,75580.15,2026-01-13,Sales
R28913,Tickets,55930.55,2025-10-05,Sales
R76548,Revenue,78933.81,2025-12-19,Sales
R32024,Tickets,90970.6,2025-07-16,Operations
R79169,Orders,104846.83,2025-03-11,Sales
R87927,Revenue,120985.68,2025-11-10,Operations
R20357,Tickets,139551.26,2025-10-19,Sales
R79537,Orders,165793.33,2025-09-09,Operations
R37073,Revenue,188811.79,2026-01-07,Sales
R85861,Orders,175930.53,2025-11-18,Finance
R15700,Tickets,67639.64,2025-04-11,Operations
R43085,Tickets,170582.41,2025-07-23,Operations
R77333,Orders,155707.68,2025-03-01,Sales
R82790,Tickets,155035.13,2025-03-26,Operations
R70584,Orders,123775.06,2025-03-11,Operations
R79188,Orders,108365.63,2026-01-10,Finance
R11499,Revenue,63336.78,2025-04-13,Operations
R45034,Orders,150401.15,2025-12-13,Finance
R95988,Revenue,123200.43,2025-11-28,Sales
R12602,Revenue,190999.25,2025-12-26,Finance
R13474,Revenue,146580.53,2025-10-25,Operations
R24785,Orders,187301.61,2026-01-26,Finance
R87004,Orders,81453.9,2025-05-14,Operations
R32188,Tickets,116574.0,2026-01-14,Operations
R96431,Orders,166233.75,2025-06-30,Operations
R73796,Tickets,120938.96,2025-03-27,Finance
R42021,Orders,120644.2,2025-04-05,Operations
R62496,Tickets,202456.66,2025-02-24,Operations
R92438,Tickets,104246.1,2025-07-26,Operations
R85087,Tickets,151621.23,2025-04-05,Finance
R92428,Tickets,95515.69,2025-12-06,Operations
R74067,Tickets,132367.52,2025-06-18,Sales
R40402,Orders,67555.47,2025-05-06,Finance
R13516,Tickets,82630.97,2025-08-19,Finance
R87558,Tickets,86999.58,2025-06-28,Sales
R60377,Tickets,168438.44,2025-06-27,Finance
R32091,Tickets,112430.15,2025-05-17,Sales
R82596,Tickets,180165.93,2025-03-09,Sales
R83157,Tickets,133955.48,2025-02-26,Operations
R18021,Tickets,172206.95,2025-10-15,Finance
R11825,Tickets,64168.06,2025-09-15,Operations
R49517,Revenue,147220.29,2025-07-20,Sales
R65502,Orders,50439.63,2026-01-24,Sales
R97107,Orders,104181.89,2025-02-16,Sales
R86260,Orders,67761.54,2025-07-13,Operations
R93655,Revenue,101118.71,2025-08-17,Sales
R51593,Tickets,133117.25,2025-02-15,Finance
R86671,Orders,147234.3,2025-06-12,Finance
R96915,Revenue,152346.86,2025-12-04,Sales
R41767,Revenue,145547.53,2025-12-04,Sales
R93228,Tickets,117541.52,2025-11-12,Sales
R80519,Tickets,144602.2,2026-01-13,Finance
R76281,Revenue,74859.75,2025-06-30,Operations
R37248,Orders,65581.21,2025-04-18,Sales
R33791,Orders,157909.65,2026-01-22,Sales
R68829,Revenue,90195.56,2025-10-13,Operations
R11870,Revenue,151131.87,2025-12-06,Sales
R76802,Revenue,207654.34,2025-08-30,Finance
R35336,Tickets,88187.15,2025-11-12,Operations
R74259,Orders,184593.28,2025-08-12,Operations
R56149,Revenue,100767.34,2025-03-29,Operations
R69257,Tickets,78715.39,2025-02-26,Finance
R85928,Revenue,67208.68,2025-09-04,Sales
R42370,Revenue,52389.48,2025-05-22,Finance
R97251,Tickets,145086.48,2025-04-26,Sales
R34265,Revenue,105401.21,2025-09-22,Operations
R62702,Tickets,166375.16,2025-12-12,Finance
R65147,Orders,159910.88,2025-03-13,Sales
R55987,Tickets,163916.11,2025-02-27,Finance
R93709,Tickets,166839.0,2025-12-26,Finance
R43718,Tickets,177787.55,2025-07-17,Sales
R53137,Revenue,151802.53,2025-10-12,Finance
R78356,Tickets,96416.62,2025-04-17,Finance
R73691,Tickets,102768.2,2025-03-22,Sales
R76478,Revenue,95077.69,2025-04-24,Operations
R94686,Orders,144294.63,2025-02-17,Operations
R96898,Revenue,187810.24,2025-08-28,Operations
R95410,Revenue,105089.6,2025-02-24,Sales
R67436,Revenue,110441.85,2025-08-18,Finance
R97480,Tickets,110373.03,2025-05-13,Sales
R83055,Tickets,189924.58,2025-12-25,Operations
R80040,Revenue,70292.33,2025-08-28,Operations
R32519,Orders,139067.94,2026-01-26,Sales
R78389,Tickets,82359.7,2026-01-20,Finance
R82719,Revenue,196211.49,2025-08-23,Operations
R29646,Tickets,137595.41,2026-01-23,Operations
R63349,Revenue,120964.4,2025-09-22,Finance
R13155,Revenue,73235.73,2025-04-08,Finance
R55657,Revenue,64601.15,2025-05-12,Finance
R60194,Revenue,67732.82,2025-08-16,Finance
R14110,Tickets,88931.9,2025-04-04,Sales
R49191,Orders,168560.62,2025-09-15,Operations
R63575,Tickets,171552.43,2025-12-22,Finance
R62686,Orders,50310.63,2025-03-10,Sales
R32842,Revenue,102202.34,2025-08-09,Operations
R42057,Tickets,188974.89,2025-04-15,Sales
R56289,Tickets,116107.67,2025-12-29,Operations
R96663,Revenue,189849.05,2025-08-25,Finance
R51281,Revenue,179814.83,2025-04-09,Finance
R68901,Tickets,189659.21,2026-02-06,Sales
R21107,Orders,123384.6,2025-03-16,Sales
R98272,Tickets,180565.89,2025-04-03,Operations
R23718,Tickets,136125.56,2025-11-11,Operations
R34272,Tickets,127195.73,2025-12-15,Finance
R95222,Tickets,172542.86,2025-11-29,Operations
R88666,Revenue,119233.27,2025-11-25,Operations
R65884,Revenue,170469.35,2025-05-25,Finance
R82033,Tickets,67092.06,2025-11-25,Sales
R95530,Revenue,177457.75,2025-10-09,Finance
R52835,Revenue,130840.24,2025-02-08,Finance
R61041,Orders,176015.5,2026-02-02,Finance
R61365,Tickets,91831.87,2025-05-21,Finance
R65352,Tickets,95122.24,2025-10-07,Operations
R52116,Revenue,117469.14,2025-10-20,Finance
R86343,Tickets,107914.57,2025-05-08,Sales
R63645,Revenue,167773.34,2025-02-25,Sales
R55848,Tickets,114292.69,2025-06-18,Finance
R98843,Revenue,84855.45,2025-10-16,Finance
R31043,Orders,143679.71,2025-05-01,Sales
R55625,Orders,117726.49,2025-12-09,Sales
R10831,Revenue,119626.13,2025-07-08,Sales
R81689,Tickets,99159.3,2025-11-28,Operations
R81376,Orders,181180.17,2025-12-16,Finance
R57549,Revenue,139637.98,2025-07-12,Sales
R10957,Revenue,118590.87,2026-01-30,Operations
R28408,Revenue,202535.18,2025-07-19,Finance
R59883,Orders,162241.32,2025-08-21,Finance
R25905,Revenue,165064.19,2025-04-27,Sales
R17675,Orders,88955.41,2025-11-19,Operations
R21015,Revenue,78867.94,2026-01-14,Sales
R56205,Orders,148189.34,2025-10-09,Operations
R81618,Orders,103666.89,2026-01-30,Finance
R99802,Orders,119513.88,2025-05-12,Sales
R22432,Orders,170579.59,2025-10-27,Sales
R90478,Tickets,141591.75,2025-11-05,Sales
R33688,Revenue,62411.76,2025-11-03,Finance
R16428,Tickets,81611.72,2026-01-16,Sales
R12695,Orders,135642.29,2025-04-13,Sales
R15116,Orders,153594.69,2025-07-10,Sales
R16716,Tickets,104874.49,2025-12-15,Operations
R24544,Revenue,61015.26,2026-01-18,Finance
R25773,Orders,153328.94,2025-12-22,Finance
R74431,Tickets,93998.32,2025-11-20,Sales
R48367,Revenue,172401.8,2025-10-30,Operations
R88210,Tickets,74558.8,2025-07-20,Operations
R69968,Tickets,53543.46,2025-11-27,Operations
R87832,Revenue,54462.53,2025-10-16,Operations
R74931,Revenue,134097.65,2026-01-13,Operations
R81210,Revenue,55396.29,2025-12-22,Sales
R40959,Orders,92447.13,2025-07-13,Operations
R82444,Revenue,83455.01,2025-11-15,Operations
R13656,Tickets,59804.79,2025-04-05,Sales
R87406,Revenue,102763.69,2025-08-31,Operations
R14662,Revenue,143556.93,2025-06-11,Operations
R46341,Revenue,54400.84,2025-02-14,Finance
R31418,Revenue,62376.35,2025-07-13,Sales
R98060,Orders,96204.6,2026-01-14,Finance
R56597,Revenue,77672.94,2025-12-27,Operations
R82963,Tickets,106037.91,2026-01-18,Finance
R87505,Revenue,85215.74,2025-06-26,Sales
R14966,Revenue,59886.5,2025-10-17,Sales
R66913,Revenue,170067.16,2025-11-25,Operations
R57522,Revenue,73010.91,2025-05-23,Operations
R60045,Orders,81964.04,2025-09-07,Sales
R42914,Orders,127188.46,2025-06-12,Finance
R79850,Revenue,179832.49,2025-02-25,Sales
R75890,Tickets,102596.93,2025-10-03,Operations
R68302,Tickets,100538.13,2025-10-28,Operations
R73663,Tickets,82521.85,2026-02-03,Operations
R91266,Tickets,118183.51,2025-12-08,Finance
R73252,Orders,141302.7,2025-12-01,Sales
R34913,Tickets,163267.5,2025-05-23,Operations
R77048,Orders,159541.36,2025-09-09,Operations
R94972,Revenue,118007.96,2025-04-12,Finance
R93463,Orders,115959.32,2025-07-15,Sales
R63207,Orders,72331.93,2025-06-25,Operations
R33831,Orders,178868.57,2025-05-12,Sales
R86993,Revenue,98723.59,2025-10-06,Operations
R49559,Orders,89455.85,2026-01-20,Sales
R92296,Revenue,153619.29,2025-09-06,Operations
R97339,Orders,86317.79,2025-10-09,Sales
R87130,Tickets,77845.86,2025-07-04,Finance
R97497,Revenue,124348.04,2025-10-14,Operations
R91134,Orders,176485.09,2025-02-08,Finance
R15868,Tickets,100392.13,2025-06-11,Operations
R84098,Revenue,82231.46,2026-02-06,Sales
R53775,Revenue,58025.93,2025-08-02,Operations
R93904,Orders,189803.9,2025-06-21,Sales
R96941,Tickets,136402.42,2025-04-19,Sales
R39004,Orders,97768.28,2025-10-21,Operations
R88397,Tickets,144551.39,2025-08-27,Operations
R46448,Tickets,180730.37,2025-04-22,Operations
R26380,Revenue,162270.83,2026-01-05,Operations
R79479,Tickets,113063.82,2025-10-23,Finance
R33193,Orders,161644.39,2025-05-05,Operations
R48598,Orders,61264.97,2025-02-26,Finance
R86243,Tickets,159175.02,2025-12-12,Finance
R18844,Orders,79624.3,2025-04-19,Sales
R26514,Revenue,103760.3,2025-07-29,Sales
R29834,Tickets,50521.7,2025-06-06,Sales
R94207,Tickets,159967.51,2025-04-25,Sales
R47989,Revenue,104399.26,2025-11-22,Sales
R10416,Orders,129986.41,2025-06-11,Operations
R82912,Orders,90718.22,2025-05-20,Finance
R56393,Tickets,65726.55,2025-05-06,Operations
R13339,Orders,174387.72,2025-06-20,Finance
R38593,Revenue,186571.32,2025-04-02,Operations
R20762,Tickets,98203.77,2025-04-22,Sales
R65636,Tickets,179937.31,2025-11-06,Operations
R95752,Orders,65689.47,2025-08-15,Sales
R56605,Tickets,124781.54,2025-08-02,Sales
R69457,Orders,75802.26,2025-02-10,Sales
R64964,Revenue,166089.01,2025-11-13,Sales
R15280,Revenue,150931.06,2025-05-14,Finance
R48246,Orders,168949.84,2026-01-26,Operations
R85546,Revenue,64165.43,2025-04-06,Finance
R42784,Tickets,74135.09,2026-01-28,Operations
R37647,Orders,108739.94,2025-08-17,Sales
R16394,Tickets,112006.64,2025-11-02,Operations
R56663,Revenue,51280.45,2025-08-14,Finance
R84402,Revenue,170408.0,2025-05-02,Operations
R25712,Tickets,173304.34,2025-04-02,Finance
R19055,Tickets,106895.18,2025-11-02,Sales
R64283,Orders,206945.8,2025-04-20,Sales
R57207,Tickets,68201.97,2025-06-30,Sales
R68768,Tickets,117885.89,2026-01-13,Operations
R90566,Tickets,62126.22,2025-05-20,Finance
R10872,Orders,72304.44,2025-05-29,Operations
R77913,Tickets,135494.53,2025-05-02,Operations
R85003,Tickets,173850.7,2025-12-02,Operations
R57400,Tickets,143493.58,2025-05-09,Operations
R82727,Revenue,131356.28,2025-09-28,Sales
R49983,Tickets,138662.58,2025-04-04,Operations
R86773,Tickets,114050.63,2025-06-10,Operations
R10653,Orders,81282.98,2025-08-05,Sales
R87206,Orders,151428.48,2025-04-01,Operations
R96200,Orders,195056.47,2025-03-30,Operations
R17882,Revenue,104678.02,2025-12-21,Operations
R64094,Tickets,155472.3,2025-05-25,Finance
R88791,Tickets,53442.98,2025-07-13,Sales
R69763,Orders,87576.1,2025-05-17,Sales
R55158,Orders,68779.4,2025-03-24,Sales
R71440,Orders,92286.19,2025-02-07,Finance
R61590,Tickets,84189.84,2025-11-21,Operations
R64733,Revenue,154366.35,2026-01-01,Operations
R98243,Tickets,149273.52,2025-09-16,Finance
R83133,Orders,82076.57,2026-01-09,Sales
R61646,Orders,153762.11,2025-10-19,Finance
R57473,Revenue,159922.91,2025-04-30,Finance
R98270,Tickets,113116.99,2025-08-17,Finance
R48122,Orders,124012.87,2025-12-10,Operations
R41662,Tickets,170725.8,2025-12-15,Finance
R76361,Tickets,90585.92,2025-08-12,Finance
R84415,Revenue,181696.05,2025-10-07,Operations
R53862,Revenue,196294.01,2025-09-27,Sales
R54021,Revenue,102821.07,2025-04-18,Finance
R31620,Revenue,149866.16,2025-07-24,Operations
R62889,Revenue,106873.75,2025-08-23,Operations
R36355,Revenue,110833.32,2026-02-06,Finance
R95432,Revenue,80858.7,2025-03-19,Finance
R80828,Tickets,113115.06,2025-12-27,Finance
R89373,Revenue,93711.46,2025-03-28,Finance
R52917,Tickets,104640.08,2025-11-11,Sales
R17709,Revenue,91072.1,2025-08-20,Operations
R80781,Revenue,113686.15,2025-05-14,Sales
R78682,Tickets,104867.62,2026-01-07,Operations
R70451,Tickets,115468.7,2025-07-17,Sales
R95532,Orders,99996.4,2025-10-15,Finance
R71246,Tickets,57712.02,2025-11-28,Finance
R27340,Revenue,164584.78,2025-07-12,Sales
R48886,Tickets,178450.33,2025-08-09,Sales
R18496,Tickets,70592.91,2025-10-12,Sales
R60208,Orders,185301.81,2025-04-14,Finance
R43646,Revenue,74233.95,2025-04-02,Operations
R67202,Revenue,197738.34,2025-05-07,Finance
R21099,Revenue,179847.74,2025-09-06,Finance
R56722,Orders,111968.64,2026-01-13,Operations
R26517,Tickets,140869.7,2025-12-30,Sales
R76266,Orders,176372.73,2026-01-23,Finance
R48380,Revenue,171763.07,2025-06-30,Sales
R77601,Revenue,79105.47,2025-06-13,Operations
R69857,Tickets,165408.61,2026-01-23,Operations
R40318,Tickets,105481.63,2025-06-09,Sales
R53826,Tickets,113606.16,2025-04-19,Operations
R42700,Orders,172561.23,2025-04-12,Sales
R43070,Revenue,117444.89,2025-10-03,Operations
R89023,Tickets,118401.59,2025-05-17,Finance
R32174,Orders,192912.16,2025-04-12,Operations
R94298,Orders,79611.48,2025-07-06,Sales
R65129,Orders,120302.86,2025-12-30,Finance
R82103,Revenue,198198.18,2025-10-21,Sales
R15959,Orders,147038.36,2025-03-19,Operations
R52684,Revenue,128120.23,2025-06-27,Finance
R23428,Tickets,52506.82,2026-01-23,Finance
R33885,Tickets,134107.36,2025-12-09,Sales
R46420,Tickets,187097.1,2026-01-11,Sales
R75897,Revenue,58925.76,2025-05-10,Finance
R97549,Revenue,154633.27,2025-09-05,Operations
R62356,Revenue,103411.82,2025-06-09,Finance
R48349,Tickets,91668.68,2026-01-09,Operations
R31904,Orders,185650.72,2025-06-06,Operations
R95655,Orders,186048.52,2025-12-23,Finance
R95394,Revenue,113782.11,2025-07-18,Operations
R69192,Revenue,54027.19,2026-01-24,Operations
R38168,Tickets,108610.08,2025-10-18,Sales
R51253,Tickets,75450.96,2025-05-06,Finance
R98973,Tickets,182290.1,2025-07-03,Sales
R33009,Orders,82327.23,2025-08-13,Operations
R77236,Revenue,164054.51,2025-05-11,Sales
R36901,Revenue,107709.27,2025-12-12,Operations
R54621,Orders,55690.47,2025-09-05,Sales
R92026,Tickets,169016.68,2025-05-10,Finance
R38252,Orders,71234.67,2025-10-11,Finance
R98191,Orders,197959.56,2025-10-25,Operations
R32079,Tickets,69287.73,2025-07-28,Finance
R96339,Orders,179169.08,2025-10-05,Sales
R71171,Revenue,166445.27,2025-02-13,Sales
R61493,Orders,66869.26,2025-09-08,Sales
R15523,Revenue,140479.05,2025-04-29,Operations
R98797,Orders,193478.7,2025-11-26,Sales
R45134,Tickets,82334.93,2025-07-27,Sales
R93064,Revenue,178390.24,2025-08-19,Finance
R18981,Revenue,100955.35,2025-02-22,Sales
R33962,Revenue,158484.09,2025-12-13,Finance
R78217,Revenue,140714.51,2025-08-09,Sales
R66404,Orders,123272.66,2025-04-30,Finance
R94673,Revenue,181442.73,2025-06-16,Sales
R10028,Tickets,191122.75,2025-09-03,Sales
R94260,Tickets,172867.2,2025-08-13,Sales
R83553,Tickets,159568.93,2026-01-30,Sales
R87668,Tickets,157295.81,2025-04-26,Operations
R39823,Revenue,82560.3,2026-01-02,Sales
R45681,Orders,70007.35,2025-06-09,Finance
R46255,Tickets,116185.56,2025-02-22,Finance
R88675,Revenue,68979.34,2025-08-01,Finance
R68138,Tickets,172951.33,2025-06-29,Finance
R71839,Orders,192955.7,2025-09-17,Sales
R40472,Tickets,184718.05,2025-10-07,Sales
R66397,Revenue,157336.91,2025-03-26,Finance
R52576,Orders,59105.21,2025-03-23,Finance
R98536,Revenue,101888.91,2025-02-14,Finance
R16209,Orders,57524.22,2025-12-16,Finance
R61484,Orders,145181.19,2025-09-29,Sales
R38453,Orders,88854.25,2026-01-15,Finance
R12825,Revenue,91601.4,2025-07-09,Finance
R85265,Tickets,95078.01,2025-12-22,Finance
R81070,Revenue,187996.83,2025-06-18,Sales
R48719,Tickets,63471.9,2025-10-14,Finance
R82489,Revenue,129614.68,2025-05-27,Operations
R42697,Orders,61309.26,2026-02-04,Sales
R55163,Revenue,96718.71,2025-07-20,Sales
R70439,Orders,78703.08,2026-02-05,Sales
R14757,Tickets,86792.08,2025-05-17,Sales
R61791,Tickets,156534.61,2025-11-29,Finance
R62773,Orders,192331.52,2025-10-22,Operations
R39685,Orders,114429.04,2025-06-02,Operations
R30442,Orders,169649.81,2025-09-21,Finance
R80689,Revenue,194025.7,2025-09-19,Finance
R94579,Orders,81765.13,2025-10-07,Operations
R33612,Tickets,181130.87,2025-05-19,Finance
R16660,Tickets,96708.4,2025-10-29,Sales
R78636,Orders,88262.54,2025-10-24,Finance
R92578,Revenue,65832.32,2025-10-31,Operations
R35857,Tickets,63192.53,2025-02-27,Operations
R27242,Revenue,142535.68,2025-06-09,Finance
R12536,Orders,188713.77,2025-09-07,Sales
R39514,Tickets,179510.81,2025-10-01,Sales
R16193,Tickets,183205.95,2025-02-25,Sales
R19369,Tickets,77154.12,2026-01-16,Sales
R46234,Tickets,86949.66,2025-05-12,Operations
R67838,Revenue,95455.65,2025-06-01,Operations
R90177,Tickets,139582.42,2025-11-18,Sales
R78467,Revenue,111613.17,2026-01-20,Finance
R98982,Tickets,112872.44,2025-04-19,Sales
R62324,Orders,156880.94,2025-07-12,Finance
R75034,Orders,180397.81,2025-09-07,Operations
R37886,Orders,141457.69,2025-10-30,Finance
R30716,Revenue,63692.59,2026-01-04,Finance
R22126,Orders,148484.26,2025-06-09,Sales
R10267,Revenue,63676.87,2025-02-19,Operations
R58596,Revenue,114147.0,2025-02-17,Finance
R66360,Orders,102145.39,2026-01-21,Operations
R59942,Orders,195734.01,2025-04-07,Finance
R57169,Orders,82675.69,2026-02-06,Operations
R10066,Tickets,50203.17,2025-09-21,Operations
R72560,Tickets,192859.71,2025-07-25,Finance
R20703,Revenue,138811.08,2025-04-25,Finance
R36475,Revenue,146750.74,2025-06-27,Sales
R49121,Tickets,119695.94,2025-07-28,Operations
R86405,Orders,134389.36,2026-02-06,Operations
R96555,Tickets,123629.38,2025-12-25,Operations
R76007,Tickets,111911.47,2025-04-02,Operations
R28179,Tickets,200846.31,2026-02-02,Operations
R56017,Orders,70137.9,2025-10-29,Finance
R83246,Orders,57077.72,2025-08-11,Operations
R80281,Revenue,105639.63,2025-09-05,Finance
R54076,Tickets,137197.04,2025-11-12,Sales
R62115,Tickets,77373.42,2025-10-30,Operations
R84761,Tickets,175948.51,2025-09-26,Finance
R47907,Tickets,180008.02,2025-08-04,Sales
R69617,Revenue,149981.18,2025-08-23,Operations
R69798,Orders,156551.15,2026-02-04,Sales
R75362,Tickets,49477.56,2025-08-25,Finance
R44174,Orders,157822.38,2025-05-24,Sales
R43529,Revenue,90966.56,2025-12-20,Finance
R39908,Tickets,189349.12,2026-02-04,Operations
R72136,Tickets,144513.72,2025-08-18,Finance
R79660,Orders,131650.04,2025-03-31,Finance
R29573,Revenue,60082.43,2025-07-23,Finance
R70183,Orders,56880.34,2025-03-09,Operations
R89151,Orders,63011.2,2025-07-20,Finance
R77990,Tickets,144788.41,2025-07-28,Operations
R36106,Tickets,173341.8,2025-07-24,Operations
R14898,Revenue,171047.41,2025-02-20,Sales
R35500,Revenue,141642.41,2025-10-22,Sales
R79381,Orders,90659.28,2025-07-26,Sales
R73207,Tickets,102594.06,2025-08-15,Finance
R53274,Orders,163692.61,2025-12-05,Finance
R99597,Tickets,95947.88,2025-09-27,Operations
R59390,Tickets,115882.26,2025-08-24,Finance
R52968,Tickets,131918.99,2025-08-22,Sales
R81704,Revenue,164873.44,2025-11-23,Sales
R60813,Tickets,160090.88,2025-11-23,Sales
R20283,Tickets,97836.59,2025-03-07,Sales
R91762,Revenue,130630.72,2026-02-06,Operations
R82623,Tickets,138440.1,2025-10-03,Finance
R87321,Orders,65468.6,2025-04-29,Sales
R96593,Tickets,178609.79,2025-12-11,Sales
R74222,Tickets,136417.31,2025-03-24,Operations
R63340,Revenue,175089.25,2025-12-25,Sales
R72236,Revenue,160531.92,2025-10-05,Finance
R20419,Orders,145042.78,2025-05-03,Sales
R92889,Orders,111316.74,2025-04-14,Finance
R41662,Tickets,187555.15,2025-03-31,Operations
R11756,Tickets,162668.9,2025-03-02,Finance
R57513,Orders,179925.91,2025-12-27,Sales
R87993,Revenue,128571.74,2025-08-07,Operations
R57640,Tickets,191545.54,2025-05-22,Finance
R88470,Revenue,82103.83,2025-04-15,Finance
R10291,Orders,161704.9,2025-11-07,Sales
R69741,Revenue,61697.09,2025-02-14,Finance
R45573,Orders,87859.28,2025-06-27,Sales
R52779,Revenue,141242.33,2025-02-18,Sales
R78910,Tickets,85084.71,2025-03-03,Sales
R43514,Orders,168077.12,2025-02-27,Sales
R33256,Revenue,89987.31,2025-04-28,Sales
R53438,Orders,181022.81,2025-04-28,Sales
R11367,Tickets,139891.02,2025-09-04,Sales
R39297,Tickets,79023.63,2025-12-26,Sales
R97817,Orders,166943.04,2025-09-18,Operations
R67553,Orders,89754.93,2025-02-15,Operations
R51198,Revenue,90428.77,2025-08-04,Operations
R51461,Tickets,190081.95,2025-09-13,Finance
R50934,Orders,159865.24,2025-02-12,Sales
R94727,Tickets,67422.69,2025-04-28,Sales
R60233,Revenue,184543.37,2025-11-06,Finance
R14769,Revenue,122807.33,2025-03-18,Operations
R37424,Revenue,116458.01,2025-02-16,Sales
R26899,Revenue,180958.98,2025-05-13,Sales
R52567,Orders,144668.57,2025-05-05,Operations
R44336,Revenue,137009.83,2025-10-04,Operations
R34480,Revenue,117270.11,2025-12-06,Sales
R14329,Orders,134067.41,2025-08-25,Sales
R78467,Revenue,48391.5,2026-01-04,Sales
R12103,Revenue,169652.7,2025-02-20,Sales
R36136,Orders,177859.65,2025-10-08,Operations
R31473,Tickets,110723.59,2025-02-18,Sales
R19907,Orders,180775.97,2025-08-17,Finance
R22633,Revenue,147061.82,2025-09-20,Operations
R58101,Revenue,117819.02,2025-08-24,Finance
R84847,Orders,164250.17,2025-05-17,Sales
R51543,Tickets,189655.92,2025-04-26,Finance
R43105,Revenue,83372.75,2025-05-14,Finance
R28685,Orders,64622.21,2025-10-09,Finance
R99500,Tickets,138854.1,2025-09-30,Operations
R23093,Revenue,166869.66,2025-07-15,Operations
R58843,Orders,141894.03,2026-01-02,Finance
R17421,Orders,89475.69,2025-06-11,Operations
R10648,Revenue,121444.07,2025-12-17,Operations
R39043,Revenue,113201.61,2025-06-11,Sales
R57126,Revenue,138029.25,2025-10-11,Finance
R78171,Orders,175591.95,2025-12-27,Operations
R66681,Tickets,79269.58,2025-07-31,Sales
R61458,Orders,180659.37,2025-06-04,Sales
R12258,Revenue,148545.48,2025-10-08,Sales
R25531,Tickets,89347.95,2025-03-02,Sales
R54009,Orders,186970.35,2025-04-04,Operations
R27581,Revenue,79364.28,2025-06-22,Finance
R68392,Revenue,69033.67,2025-10-23,Finance
R12459,Tickets,153891.05,2025-12-24,Sales
R33776,Revenue,55694.75,2025-09-07,Sales
R62904,Orders,56149.92,2025-07-20,Sales
R35997,Orders,151768.93,2025-06-12,Finance
R72838,Tickets,110715.05,2025-03-09,Finance
R52207,Orders,127243.8,2025-06-09,Operations
R99375,Tickets,95550.1,2025-03-16,Finance
R75552,Orders,89535.51,2025-06-11,Finance
R68950,Orders,139328.31,2025-12-28,Sales
R85704,Revenue,190050.39,2025-10-28,Finance
R32325,Tickets,67888.96,2025-08-02,Sales
R82532,Revenue,118876.83,2025-07-30,Finance
R19674,Orders,115534.66,2025-07-02,Sales
R83075,Revenue,129956.0,2025-12-08,Sales
R96128,Orders,146843.63,2025-09-25,Operations
R57578,Orders,96167.89,2025-06-12,Operations
R67744,Revenue,102341.54,2025-12-30,Sales
R89097,Revenue,143353.44,2025-09-28,Sales
R96240,Orders,111233.8,2025-04-07,Finance
R74966,Tickets,139950.2,2025-04-11,Sales
R21766,Revenue,166223.95,2026-01-01,Sales
R78408,Tickets,84103.83,2025-07-27,Sales
R31402,Tickets,52386.9,2025-10-30,Operations
R60026,Orders,161640.88,2025-03-23,Finance
R48158,Revenue,184878.33,2025-05-28,Sales
R85588,Orders,185724.08,2026-01-12,Finance
R16472,Orders,76304.57,2025-10-25,Operations
R50949,Revenue,190671.27,2025-05-11,Finance
R50564,Revenue,149293.64,2025-05-25,Finance
R78234,Orders,88646.87,2026-02-03,Finance
R25043,Tickets,159605.23,2025-03-27,Sales
R22484,Revenue,152437.76,2025-08-18,Sales
R60317,Tickets,90060.11,2025-06-18,Sales
R14037,Orders,64272.74,2025-02-23,Operations
R75697,Revenue,87832.41,2025-08-08,Finance
R19693,Revenue,79517.28,2025-08-30,Sales
R69616,Orders,111901.07,2025-10-01,Sales
R25785,Revenue,171461.77,2025-05-18,Finance
R68480,Orders,86552.34,2025-09-29,Sales
R82688,Tickets,63053.1,2026-01-06,Sales
R73659,Revenue,170292.3,2025-04-06,Finance
R30451,Tickets,104821.57,2025-05-10,Sales
R86933,Tickets,161170.92,2025-03-25,Operations
R70414,Tickets,73878.85,2025-07-25,Sales
R49091,Orders,197302.4,2025-06-30,Sales
R24224,Orders,118183.32,2026-01-03,Finance
R18475,Tickets,204278.38,2025-09-04,Operations
R28334,Orders,79330.17,2025-04-29,Operations
R97911,Tickets,161574.31,2026-01-28,Finance
R32376,Orders,73877.12,2025-11-13,Finance
R66704,Tickets,59679.39,2025-08-31,Finance
R63011,Tickets,186716.41,2025-02-21,Sales
R17357,Orders,154949.61,2025-04-19,Finance
R69434,Tickets,167070.67,2025-09-21,Sales
R23820,Orders,161524.85,2025-08-03,Sales
R38541,Tickets,95368.37,2025-09-16,Operations
R56468,Tickets,185334.23,2025-10-06,Operations
R65854,Revenue,188513.59,2026-01-09,Operations
R58106,Revenue,169745.3,2025-03-28,Sales
R94151,Tickets,107661.96,2025-10-29,Sales
R51477,Revenue,51770.13,2025-08-19,Finance
R48225,Tickets,166153.47,2025-08-06,Sales
R35034,Tickets,202670.8,2025-05-03,Operations
R93460,Orders,150905.18,2025-10-30,Finance
R55908,Orders,75975.38,2025-03-12,Finance
R83696,Orders,67991.53,2026-01-03,Sales
R49103,Orders,129927.05,2026-01-28,Operations
R32339,Revenue,74447.61,2025-02-18,Finance
R92129,Tickets,58681.89,2025-06-07,Operations
R75906,Tickets,107426.51,2025-02-28,Sales
R99562,Tickets,189950.39,2025-10-21,Sales
R98213,Orders,88955.89,2025-05-01,Sales
R58728,Tickets,94866.18,2026-02-06,Finance
R10173,Tickets,87168.8,2025-03-07,Finance
R38600,Tickets,102194.1,2025-11-19,Finance
R71566,Revenue,123490.24,2025-02-15,Sales
R36085,Orders,156768.24,2025-03-12,Sales
R13621,Orders,137438.93,2025-04-13,Sales
R71348,Orders,112933.17,2025-08-15,Operations
R65637,Revenue,145857.26,2025-10-14,Operations
R19427,Orders,182084.32,2025-05-05,Operations
R71774,Revenue,157739.39,2025-10-19,Sales
R82950,Revenue,71413.18,2025-07-29,Sales
R88797,Orders,58123.82,2025-11-18,Sales
R27657,Tickets,107489.47,2025-02-20,Finance
R88076,Tickets,91032.43,2025-12-21,Finance
R22727,Orders,158475.79,2025-11-11,Sales
R80730,Tickets,189577.44,2025-09-08,Operations
R60328,Tickets,58847.86,2025-12-12,Finance
R97026,Revenue,117888.89,2025-04-10,Finance
R43430,Revenue,174099.87,2025-02-28,Finance
R84488,Tickets,75962.56,2025-11-04,Sales
R93277,Revenue,60856.0,2025-09-18,Finance
R58930,Revenue,139516.38,2025-03-12,Finance
R25136,Revenue,65328.11,2025-12-13,Operations
R12756,Orders,188808.15,2025-09-06,Operations
R74569,Tickets,133198.49,2025-05-19,Finance
R56087,Orders,73054.28,2025-10-26,Operations
R67885,Orders,125126.09,2025-02-07,Sales
R90307,Orders,61960.16,2025-03-27,Finance
R10003,Revenue,145651.34,2025-03-25,Sales
R93585,Revenue,155083.66,2026-01-08,Operations
R28875,Tickets,145144.05,2025-07-06,Operations
R39072,Tickets,59572.94,2026-02-05,Operations
R11329,Orders,140266.99,2025-11-20,Finance
R96326,Orders,94443.56,2025-05-09,Operations
R48050,Tickets,84866.74,2025-08-08,Finance
R34753,Orders,62838.0,2025-04-02,Operations
R42231,Orders,95029.66,2025-11-26,Operations
R26014,Tickets,154017.75,2025-07-20,Finance
R34797,Tickets,63379.01,2025-07-28,Finance
R27289,Revenue,99124.14,2025-04-17,Operations
R43256,Revenue,70613.26,2025-02-28,Operations
R43314,Tickets,99125.81,2025-03-03,Sales
R91366,Tickets,112053.11,2025-03-25,Finance
R46709,Revenue,173616.95,2025-10-09,Finance
R52535,Orders,143951.0,2025-07-31,Operations
R35158,Orders,179875.54,2025-07-17,Operations
R31993,Tickets,147996.59,2025-06-09,Sales
R93506,Revenue,113073.82,2025-12-20,Sales
R48734,Tickets,110810.68,2025-05-20,Finance
R73045,Orders,52719.99,2025-04-03,Finance
R90213,Orders,77280.4,2025-02-25,Operations
R29951,Tickets,130668.34,2025-07-18,Operations
R15426,Orders,154763.8,2025-12-10,Sales
R41972,Tickets,159064.0,2025-08-05,Operations
R39513,Orders,65121.51,2025-08-16,Operations
R87761,Orders,83328.63,2025-04-03,Sales
R33018,Tickets,199428.97,2025-07-07,Sales
R20675,Orders,159544.07,2025-07-27,Operations
R85034,Tickets,130364.09,2025-02-21,Sales
R36375,Orders,149994.31,2025-11-13,Operations
R92484,Tickets,102670.83,2025-08-29,Finance
R42659,Revenue,110929.48,2026-01-30,Sales
R38646,Orders,152937.37,2026-01-27,Operations
R16516,Tickets,120635.88,2025-07-10,Finance
R20565,Orders,94206.05,2025-07-13,Finance
R98265,Tickets,140782.64,2025-03-17,Finance
R91115,Revenue,81326.46,2025-12-04,Finance
R99619,Tickets,107987.31,2025-05-30,Finance
R69702,Revenue,159840.65,2025-08-05,Finance
R14229,Revenue,87602.63,2025-06-20,Sales
R45338,Tickets,67208.21,2025-04-20,Finance
R22616,Revenue,183598.45,2025-06-02,Operations
R98117,Revenue,75237.11,2025-09-04,Operations
R56322,Tickets,68218.6,2026-01-11,Finance
R34675,Revenue,68390.9,2025-03-11,Finance
R58273,Revenue,134008.38,2025-04-29,Sales
R24872,Tickets,55625.07,2025-06-08,Operations
R73232,Revenue,184691.82,2025-11-13,Operations
R70442,Tickets,99421.29,2025-11-06,Sales
R78715,Orders,109203.47,2025-09-19,Finance
R32421,Orders,90022.7,2025-02-20,Finance
R28401,Orders,56982.62,2025-11-03,Finance
R53680,Tickets,195935.69,2025-02-25,Operations
R63509,Orders,116320.7,2025-11-17,Finance
R61110,Tickets,150617.8,2025-09-11,Sales
R32962,Orders,67085.65,2025-04-27,Operations
R71781,Tickets,50020.99,2025-06-30,Finance
R66766,Tickets,122662.93,2025-07-22,Finance
R30088,Revenue,72530.23,2025-08-03,Finance
R30954,Tickets,167655.76,2025-10-05,Finance
R92265,Revenue,123028.73,2025-08-10,Operations
R55593,Revenue,80499.87,2025-05-21,Sales
R33759,Tickets,101218.01,2025-08-15,Sales
R40073,Orders,165384.79,2025-12-19,Operations
R17914,Orders,184673.47,2025-06-17,Finance
R76276,Tickets,136010.85,2025-07-03,Finance
R20179,Revenue,164781.18,2025-09-27,Finance
R67770,Tickets,156713.63,2025-03-14,Finance
R60668,Tickets,123973.38,2025-12-04,Finance
R81745,Orders,158679.02,2025-08-29,Sales
R49333,Tickets,149370.45,2025-06-28,Finance
R26841,Orders,127032.25,2026-01-08,Operations
R92554,Revenue,136698.14,2025-04-19,Finance
R29838,Orders,114485.22,2025-12-27,Operations
R47054,Orders,65046.41,2025-07-13,Finance
R75663,Revenue,100930.19,2025-10-24,Operations
R41009,Tickets,185545.86,2025-10-18,Operations
R93083,Revenue,186508.78,2025-03-31,Operations
R86734,Orders,154171.06,2025-03-21,Sales
R63130,Orders,52885.99,2025-05-18,Sales
R59210,Orders,64410.08,2025-09-09,Finance
R26470,Orders,163510.2,2025-10-30,Sales
R58077,Tickets,190569.03,2025-05-16,Sales
R23732,Revenue,151628.26,2026-01-01,Sales
R87433,Orders,198665.21,2025-07-16,Sales
R57318,Orders,199380.87,2026-01-23,Operations
R83144,Orders,132880.7,2026-01-31,Finance
R67185,Revenue,85380.53,2026-01-13,Operations
R64656,Tickets,104143.67,2025-05-22,Sales
R58760,Revenue,96823.82,2025-09-05,Finance
R32704,Orders,62385.05,2025-12-30,Finance
R30242,Tickets,175315.78,2025-12-27,Finance
R55162,Orders,89479.75,2025-04-13,Sales
R91033,Tickets,103546.31,2025-03-26,Finance
R62899,Revenue,120295.36,2025-08-10,Finance
R95370,Orders,132686.54,2026-01-09,Sales
R11361,Orders,189466.79,2025-12-19,Finance
R52955,Revenue,152816.44,2025-09-21,Sales
R30600,Orders,152423.09,2025-06-14,Finance
R32777,Revenue,136847.42,2025-11-05,Finance
R69614,Orders,79530.98,2025-12-30,Finance
R67147,Revenue,88119.32,2025-07-29,Sales
R67393,Tickets,148059.92,2025-04-29,Finance
R87803,Tickets,186904.95,2025-02-23,Finance
R89830,Tickets,206476.12,2025-05-31,Sales
R36480,Revenue,105398.89,2025-03-09,Operations
R74985,Tickets,64199.98,2025-04-27,Sales
R81330,Tickets,104928.57,2025-09-25,Sales
R63231,Orders,193118.21,2025-10-31,Operations
R57934,Orders,59989.39,2025-05-23,Sales
R70285,Revenue,87971.93,2025-04-07,Operations
R90919,Tickets,135846.21,2025-06-04,Operations
R88188,Revenue,191457.19,2025-08-04,Finance
R52920,Orders,192253.78,2025-06-10,Operations
R21627,Revenue,161362.28,2025-10-06,Finance
R12546,Revenue,175147.85,2025-11-13,Operations
R33172,Tickets,115855.21,2025-09-10,Sales
R14500,Tickets,73638.91,2025-03-28,Operations
R79753,Orders,135647.54,2025-11-10,Operations
R62440,Tickets,85026.68,2025-06-16,Finance
R81351,Tickets,148179.68,2025-02-11,Finance
R63734,Tickets,151225.85,2026-01-10,Sales
R52292,Revenue,155423.94,2025-06-17,Finance
R47391,Orders,98431.22,2025-04-29,Finance
R65461,Orders,55437.3,2025-06-06,Sales
R20824,Revenue,105269.69,2025-08-01,Sales
R97351,Tickets,100647.77,2025-05-19,Operations
R66469,Revenue,193924.36,2025-04-11,Operations
R65596,Tickets,52103.08,2025-08-13,Operations
R78788,Orders,149854.12,2025-06-27,Sales
R13241,Tickets,148302.4,2025-07-07,Sales
R55131,Revenue,189942.62,2025-09-16,Finance
R88730,Orders,91933.68,2025-07-15,Sales
R58207,Orders,135673.05,2025-10-08,Finance
R85105,Orders,93682.72,2025-11-25,Finance
R51816,Revenue,136191.58,2025-09-02,Sales
R36121,Revenue,72775.35,2025-10-13,Sales
R91129,Revenue,139670.65,2025-10-16,Operations
R97968,Orders,74138.71,2025-06-29,Finance
R82989,Tickets,121962.86,2025-02-17,Finance
R50355,Orders,64365.56,2025-05-22,Operations
R48710,Orders,134438.49,2025-05-19,Finance
R17536,Tickets,132367.14,2025-04-21,Sales
R68333,Tickets,133855.45,2025-06-09,Finance
R78946,Orders,197611.55,2025-12-20,Finance
R57488,Orders,96495.09,2025-07-27,Operations
R82980,Revenue,84992.49,2026-01-05,Finance
R85793,Tickets,91463.23,2025-02-27,Finance
R92999,Orders,78581.38,2026-01-26,Sales
R76848,Revenue,73021.42,2025-05-30,Sales
R99769,Orders,58392.03,2025-09-24,Finance
R74759,Orders,175349.78,2026-01-05,Sales
R98866,Revenue,196095.46,2025-11-05,Operations
R46821,Revenue,61643.05,2025-12-14,Sales
R46855,Revenue,175471.23,2025-09-04,Sales
R48630,Orders,116825.3,2025-10-19,Operations
R89531,Revenue,63743.65,2025-12-21,Operations
R66522,Orders,173389.83,2025-02-19,Operations
R12765,Tickets,60927.96,2025-03-15,Sales
R57890,Tickets,177077.79,2025-12-21,Finance
R47916,Tickets,154172.25,2026-01-29,Operations
R35490,Orders,55763.24,2025-12-02,Operations
R49575,Revenue,163361.48,2025-06-25,Finance
R35091,Orders,174607.02,2025-11-20,Sales
R14254,Tickets,157854.98,2025-04-13,Finance
R56592,Revenue,137090.55,2025-10-08,Finance
R55073,Tickets,111149.1,2025-04-20,Operations
R71184,Revenue,118630.56,2025-08-15,Finance
R30658,Orders,133467.72,2025-03-27,Finance
R72813,Revenue,107730.16,2025-06-23,Sales
R57882,Orders,100504.2,2025-05-14,Finance
R30285,Orders,78301.39,2026-01-29,Sales
R90407,Revenue,150729.12,2025-10-22,Operations
R97804,Tickets,207079.81,2025-04-04,Finance
R98550,Revenue,198006.42,2025-07-25,Finance
R17993,Tickets,126470.91,2025-07-13,Sales
R92885,Revenue,185412.6,2025-12-19,Operations
R78670,Revenue,155451.72,2025-09-30,Sales
R47722,Orders,73894.74,2025-05-22,Finance
R37390,Orders,52345.54,2025-09-15,Operations
R62358,Orders,176034.54,2025-05-30,Sales
R64526,Revenue,165252.77,2025-11-19,Finance
R53016,Revenue,97782.07,2025-08-02,Sales
R48605,Tickets,115618.15,2025-05-26,Finance
R26599,Revenue,173274.84,2025-06-16,Finance
R78410,Revenue,107990.98,2025-09-02,Operations
R75276,Orders,203737.89,2026-02-05,Operations
R68146,Revenue,174011.1,2025-07-05,Sales
R68144,Revenue,171747.75,2025-02-26,Operations
R66810,Tickets,73166.8,2025-06-21,Sales
R50431,Orders,102393.28,2025-12-10,Finance
R91820,Revenue,92121.15,2025-07-10,Finance
R35862,Tickets,118864.18,2025-08-17,Finance
R36021,Orders,52358.02,2025-09-15,Finance
R49989,Tickets,124653.79,2025-03-21,Sales
R18783,Orders,131997.34,2025-08-14,Operations
R42535,Orders,149755.55,2025-08-29,Operations
R13326,Tickets,93765.32,2026-01-31,Sales
R84133,Orders,188236.21,2026-01-13,Operations
R93245,Revenue,96549.15,2025-07-04,Sales
R19620,Orders,125522.16,2025-04-16,Operations
R76709,Revenue,113068.33,2025-08-27,Operations
R27006,Tickets,132853.17,2025-03-05,Sales
R41018,Tickets,70798.95,2025-07-27,Sales
R85213,Orders,154731.5,2026-01-01,Operations
R81838,Revenue,175540.45,2025-09-07,Sales
R87817,Revenue,174757.4,2025-09-01,Sales
R32052,Orders,61900.16,2025-04-02,Finance
R57449,Tickets,188392.4,2025-12-18,Finance
R17700,Orders,58499.79,2025-03-12,Sales
R44682,Revenue,170704.86,2026-01-19,Sales
R79833,Revenue,101885.81,2025-03-15,Finance
R71412,Revenue,146667.74,2025-11-15,Finance
R65877,Tickets,113548.2,2025-05-30,Sales
R49777,Revenue,179263.29,2025-11-11,Sales
R86196,Tickets,130051.74,2025-04-12,Finance
R91511,Orders,71261.71,2025-09-06,Sales
R63191,Orders,170120.04,2025-03-16,Operations
R40494,Revenue,106094.21,2025-05-14,Operations
R85790,Revenue,170297.14,2025-04-10,Operations
R99339,Tickets,176619.81,2025-06-06,Sales
R21776,Revenue,124789.05,2026-01-10,Operations
R68348,Tickets,83192.16,2025-12-16,Finance
R86888,Revenue,109840.42,2025-06-07,Operations
R43917,Orders,149433.44,2025-03-22,Finance
R68014,Tickets,172413.4,2025-12-14,Operations
R24085,Orders,161855.24,2025-07-12,Finance
R66149,Revenue,79416.62,2026-01-28,Operations
R77832,Orders,182473.51,2025-07-15,Sales
R39689,Revenue,110473.77,2025-03-01,Operations
R19723,Orders,182070.44,2025-02-10,Finance
R26613,Tickets,81553.91,2026-01-27,Finance
R24192,Tickets,111923.09,2025-03-28,Sales
R85322,Orders,95851.92,2025-07-15,Finance
R38166,Revenue,111157.94,2025-12-01,Sales
R14877,Tickets,172536.37,2025-10-09,Sales
R23330,Tickets,65635.56,2025-07-05,Operations
R92689,Tickets,102381.23,2026-01-03,Finance
R68203,Tickets,113830.06,2025-12-17,Sales
R70303,Tickets,129278.28,2025-04-10,Sales
R44728,Tickets,108685.53,2025-08-11,Finance
R68078,Tickets,127889.04,2025-02-25,Finance
R29600,Tickets,104769.0,2025-06-09,Operations
R60032,Revenue,164160.45,2025-11-02,Sales
R96820,Tickets,52892.59,2025-12-30,Operations
R62417,Revenue,89030.88,2025-10-20,Sales
R68541,Orders,95851.57,2025-09-20,Sales
R65812,Revenue,113899.01,2025-09-11,Finance
R88585,Orders,149866.1,2025-05-30,Finance
R93888,Revenue,190123.55,2025-03-13,Finance
R54818,Orders,77141.84,2025-10-19,Operations
R91377,Tickets,64964.63,2025-06-13,Sales
R89561,Orders,172854.66,2025-10-08,Sales
R92546,Tickets,96088.25,2025-12-17,Sales
R10461,Revenue,65977.78,2025-11-09,Operations
R69756,Revenue,84607.22,2025-09-19,Sales
R98667,Revenue,197784.85,2025-12-17,Sales
R12473,Orders,92078.36,2025-12-06,Finance
R93399,Orders,169074.4,2025-08-01,Sales
R98649,Orders,110043.76,2025-04-09,Sales
R31572,Orders,135872.95,2025-04-29,Finance
R55275,Revenue,173426.18,2025-12-27,Sales
R47582,Revenue,159933.21,2025-02-16,Finance
R78704,Revenue,191154.43,2025-09-23,Operations
R17874,Tickets,77257.0,2025-07-06,Sales
R32203,Revenue,120615.98,2025-08-02,Finance
R59914,Revenue,188115.59,2025-09-08,Finance
R39084,Tickets,173094.01,2025-12-25,Operations
R92418,Revenue,139230.07,2025-02-17,Sales
R40005,Tickets,147441.51,2025-09-22,Operations
R56196,Orders,67768.89,2026-01-04,Sales
R70318,Orders,189143.59,2025-08-19,Finance
R44596,Tickets,183557.73,2025-05-12,Finance
R34829,Tickets,153740.56,2026-01-02,Operations
R86795,Orders,78066.8,2025-09-19,Sales
R24898,Revenue,192549.78,2025-06-06,Finance
R63517,Tickets,101655.69,2026-01-28,Finance
R32189,Revenue,62321.17,2025-11-30,Sales
R80481,Revenue,94567.55,2025-03-30,Operations
R96600,Tickets,187417.94,2026-02-02,Sales
R39881,Tickets,196878.18,2025-10-25,Operations
R59357,Revenue,117925.85,2025-02-18,Operations
R27143,Tickets,84211.67,2025-11-08,Finance
R90924,Orders,176170.84,2025-09-26,Sales
R41943,Orders,53871.46,2025-12-14,Operations
R45059,Revenue,109910.3,2025-10-26,Finance
R41225,Orders,53558.83,2025-09-11,Sales
R61766,Orders,195566.01,2025-03-19,Operations
R29729,Tickets,130290.64,2025-10-29,Finance
R65902,Revenue,166409.03,2025-03-11,Operations
R24394,Tickets,141920.11,2025-09-29,Finance
R51526,Tickets,168446.68,2025-02-08,Sales
R86411,Orders,175590.96,2025-04-26,Sales
R65380,Tickets,134997.07,2026-01-20,Operations
R30457,Tickets,121077.1,2025-04-28,Sales
R92931,Orders,177632.62,2025-08-13,Operations
R14665,Orders,68621.23,2025-04-09,Operations
R52672,Revenue,166715.86,2025-02-22,Operations
R47334,Orders,97932.5,2025-10-30,Operations
R86966,Revenue,78857.85,2025-09-14,Sales
R15137,Revenue,48725.08,2025-02-20,Sales
R82140,Revenue,83878.28,2025-06-18,Sales
R84972,Revenue,165457.68,2025-11-01,Operations
R56613,Orders,138192.7,2025-10-01,Finance
R79996,Revenue,130536.93,2025-09-17,Finance
R23220,Tickets,123390.26,2026-01-19,Operations
R15286,Orders,187927.78,2025-04-12,Operations
R39152,Orders,165690.4,2025-10-05,Finance
R93332,Orders,160001.55,2026-01-19,Sales
R45214,Revenue,164743.94,2025-07-21,Sales
R98122,Orders,78491.89,2025-12-24,Finance
R13273,Orders,184886.86,2025-09-02,Sales
R56879,Tickets,169584.81,2025-10-18,Sales
R24222,Orders,112663.63,2025-11-12,Sales
R98709,Revenue,136774.56,2025-09-15,Operations
R38840,Orders,126890.41,2025-06-28,Sales
R94486,Orders,140242.09,2025-07-04,Finance
R24762,Revenue,58236.66,2025-06-21,Sales
R86537,Revenue,144679.14,2025-11-09,Operations
R91743,Orders,136415.48,2025-12-27,Operations
R11469,Revenue,192708.93,2025-05-26,Finance
R84851,Tickets,118198.24,2026-01-09,Finance
R78241,Tickets,124951.13,2025-11-16,Finance
R25792,Tickets,190683.75,2025-11-25,Finance
R38184,Tickets,192634.55,2026-02-06,Finance
R15632,Orders,95364.87,2025-09-20,Operations
R46304,Tickets,81977.77,2025-12-09,Sales
R84997,Orders,115969.69,2026-01-27,Finance
R74996,Orders,74281.35,2025-05-26,Sales
R15533,Revenue,78854.2,2025-10-03,Finance
R67096,Orders,67143.4,2025-05-06,Finance
R60824,Orders,74133.02,2025-06-11,Sales
R61400,Orders,61178.94,2025-03-21,Operations
R27779,Tickets,140920.51,2026-01-24,Finance
R13829,Tickets,103798.29,2025-07-23,Finance
R79998,Tickets,69206.04,2025-11-01,Sales
R16809,Tickets,199851.18,2025-10-06,Sales
R88361,Orders,117205.04,2025-02-24,Operations
R62817,Tickets,193713.61,2025-12-15,Finance
R96362,Revenue,81943.11,2025-05-16,Sales
R96301,Orders,138328.31,2025-04-05,Sales
R73992,Orders,62305.61,2025-06-29,Finance
R37364,Tickets,146855.11,2025-04-21,Finance
R53541,Revenue,157113.85,2025-05-21,Sales
R39696,Orders,175083.63,2025-08-23,Finance
R73799,Orders,75514.02,2025-09-22,Sales
R61372,Orders,130154.13,2025-04-07,Finance
R40503,Orders,172467.93,2026-01-01,Sales
R60742,Orders,63680.86,2026-01-15,Finance
R50724,Revenue,118617.44,2025-07-18,Sales
R46929,Revenue,51168.15,2025-10-20,Sales
R96952,Orders,166616.44,2025-08-27,Finance
R13182,Orders,82243.78,2025-06-19,Operations
R75944,Orders,84989.29,2025-11-23,Operations
R47014,Revenue,121947.77,2026-01-15,Finance
R60183,Orders,68149.98,2025-02-12,Finance
R13797,Tickets,128500.8,2025-04-19,Sales
R26587,Orders,101980.68,2025-02-25,Sales
R16266,Tickets,200346.91,2025-08-21,Finance
R79227,Revenue,126238.31,2026-01-28,Operations
R34265,Revenue,82837.81,2025-08-02,Finance
R56263,Orders,61658.31,2025-07-06,Operations
R53351,Revenue,183282.57,2025-02-12,Finance
R46901,Tickets,140977.72,2025-07-07,Operations
R45265,Tickets,88745.96,2025-07-15,Operations
R24611,Revenue,76741.47,2026-02-01,Finance
R25139,Revenue,53723.93,2025-05-15,Operations
R90751,Tickets,120621.62,2025-03-06,Finance
R39579,Orders,76777.59,2025-06-03,Sales
R81421,Tickets,116424.9,2025-05-30,Sales
R83371,Orders,126593.83,2025-12-14,Operations
R62570,Tickets,198091.75,2025-12-23,Finance
R39809,Revenue,102044.12,2025-07-01,Operations
R81250,Revenue,108944.98,2025-02-26,Finance
R40516,Revenue,128933.11,2025-11-28,Operations
R49159,Tickets,99953.88,2025-03-27,Operations
R10714,Revenue,86211.5,2025-04-27,Finance
R24015,Tickets,155279.33,2025-09-05,Sales
R50102,Revenue,139093.85,2026-01-18,Finance
R26535,Orders,124820.69,2025-04-09,Finance
R10460,Orders,126518.84,2025-08-15,Operations
R80469,Orders,103986.01,2025-11-24,Sales
R27127,Tickets,69767.98,2025-05-14,Sales
R69996,Orders,79542.56,2025-11-02,Sales
R34882,Orders,83369.44,2025-03-18,Operations
R96009,Tickets,50488.88,2025-04-27,Finance
R82401,Revenue,52257.46,2025-10-17,Finance
R73659,Revenue,184432.73,2025-09-11,Operations
R99750,Revenue,178603.71,2025-11-22,Sales
R84360,Orders,157734.28,2025-06-20,Finance
R52040,Tickets,73126.8,2025-09-18,Sales
R99845,Revenue,171807.86,2025-06-14,Finance
R12765,Orders,146400.17,2025-11-13,Operations
R26864,Tickets,166061.01,2025-09-03,Operations
R67314,Revenue,174125.54,2026-01-09,Sales
R91462,Orders,120437.42,2025-10-24,Finance
R54015,Tickets,51977.06,2025-08-15,Finance
R48670,Tickets,159758.93,2026-02-02,Finance
R14564,Orders,97710.62,2025-07-27,Sales
R86332,Orders,56668.97,2025-10-15,Sales
R13524,Tickets,190284.31,2026-02-05,Operations
R92060,Tickets,84156.65,2025-12-25,Finance
R62930,Revenue,71688.67,2025-07-03,Operations
R51362,Orders,169380.57,2025-07-08,Operations
R39566,Tickets,147344.91,2025-07-06,Operations
R10814,Tickets,93968.5,2025-11-29,Sales
R38948,Tickets,131017.1,2025-05-04,Sales
R98467,Revenue,189781.9,2025-12-21,Finance
R62492,Tickets,97721.65,2025-11-13,Finance
R39997,Revenue,100635.78,2025-04-17,Operations
R71344,Orders,178891.27,2026-01-08,Sales
R50825,Revenue,161409.48,2025-06-13,Sales
R10279,Orders,105309.61,2025-03-02,Operations
R36214,Orders,172341.99,2025-09-19,Operations
R54521,Tickets,160051.31,2025-11-08,Sales
R30410,Revenue,85927.43,2025-12-30,Operations
R83672,Revenue,138028.33,2025-09-01,Operations
R94891,Revenue,132553.79,2025-08-09,Operations
R98883,Orders,129593.96,2025-10-17,Operations
R46511,Orders,191894.99,2025-09-15,Sales
R51996,Tickets,75149.65,2025-05-01,Finance
R50161,Orders,97260.09,2025-08-30,Sales
R41976,Tickets,100369.34,2025-11-03,Sales
R63520,Orders,200650.79,2025-10-18,Finance
R90776,Orders,100841.59,2026-01-27,Operations
R49855,Revenue,99365.93,2025-09-21,Operations
R28950,Orders,147012.78,2025-08-24,Finance
R44728,Orders,173902.28,2025-03-16,Operations
R55482,Tickets,96881.59,2026-01-05,Finance
R24543,Revenue,163304.34,2025-10-19,Operations
R27911,Revenue,108324.86,2025-08-17,Operations
R39706,Orders,67400.14,2025-05-12,Sales
R70861,Orders,150781.44,2025-06-10,Operations
R85560,Orders,132747.59,2025-11-03,Operations
R49091,Tickets,155519.35,2025-05-02,Operations
R29457,Tickets,164369.15,2026-01-16,Sales
R45541,Revenue,60734.35,2025-05-19,Finance
R91146,Tickets,166475.09,2025-02-06,Operations
R54902,Orders,159192.34,2026-01-02,Finance
R69330,Orders,143002.08,2025-08-07,Finance
R70150,Revenue,147349.97,2025-08-12,Finance
R15741,Orders,107439.05,2026-01-05,Operations
R49760,Revenue,68303.87,2025-02-06,Sales
R46173,Orders,120850.94,2025-05-03,Sales
R20552,Orders,104663.79,2025-04-12,Finance
R24609,Tickets,61813.93,2025-08-10,Operations
R18009,Revenue,185241.51,2025-05-30,Sales
R11777,Tickets,72259.8,2025-08-30,Finance
R14496,Orders,194484.5,2025-10-27,Operations
R16230,Tickets,59187.66,2025-04-04,Sales
R10220,Orders,181636.49,2025-02-24,Sales
R71745,Revenue,177206.79,2025-06-14,Operations
R12291,Tickets,53488.84,2025-11-14,Sales
R42662,Orders,92934.83,2025-10-05,Operations
R13515,Revenue,77662.09,2025-10-09,Operations
R61371,Orders,135783.82,2025-07-09,Sales
R73540,Revenue,184573.84,2025-09-07,Finance
R75655,Tickets,174369.9,2025-02-16,Finance
R48514,Orders,151009.13,2026-01-22,Sales
R78095,Orders,183766.98,2025-07-10,Sales
R98928,Orders,186101.1,2025-05-31,Sales
R84976,Orders,138619.36,2025-11-27,Operations
R86550,Tickets,75816.62,2025-12-10,Sales
R79910,Tickets,127151.46,2025-06-25,Operations
R80863,Orders,112878.27,2025-02-25,Finance
R96973,Revenue,186990.1,2025-10-27,Sales
R30810,Revenue,101448.79,2026-01-21,Finance
R82464,Tickets,169773.7,2025-03-01,Finance
R88149,Revenue,150032.91,2025-09-09,Operations
R57740,Revenue,56773.77,2025-08-29,Operations
R75507,Orders,59840.11,2025-10-07,Sales
R50880,Tickets,71700.51,2025-11-12,Operations
R27716,Revenue,74409.47,2025-03-12,Finance
R76160,Tickets,103367.78,2025-03-17,Finance
R39261,Revenue,54427.5,2025-09-03,Finance
R68739,Revenue,74347.48,2025-05-23,Sales
R28982,Orders,61930.75,2025-06-14,Operations
R32367,Revenue,146207.94,2025-02-21,Finance
R76988,Orders,177809.35,2025-12-23,Finance
R39364,Orders,62063.97,2025-05-19,Operations
R76772,Revenue,115552.73,2025-06-02,Sales
R61698,Orders,178430.71,2025-09-22,Finance
R29441,Revenue,50137.27,2025-05-21,Sales
R91821,Orders,136119.83,2025-03-22,Sales
R73337,Revenue,117578.77,2025-05-05,Finance
R43834,Tickets,144762.82,2025-06-01,Sales
R95189,Orders,79076.38,2025-02-22,Sales
R61869,Revenue,108087.51,2025-12-30,Operations
R35184,Tickets,62468.65,2025-07-07,Operations
R33467,Revenue,129578.6,2025-09-27,Sales
R66186,Tickets,91110.32,2026-01-08,Sales
R96311,Orders,176674.51,2025-12-17,Sales
R49324,Revenue,120821.85,2025-12-26,Finance
R15039,Orders,186214.62,2025-07-10,Operations
R17419,Orders,137372.55,2025-07-16,Operations
R95449,Orders,146010.94,2025-12-17,Sales
R55549,Tickets,79783.94,2025-03-22,Sales
R49812,Revenue,77529.46,2025-08-22,Sales
R13230,Orders,81764.91,2025-12-18,Sales
R23088,Orders,166568.88,2025-10-09,Operations
R26425,Orders,184419.96,2025-08-06,Sales
R39208,Orders,79173.75,2026-01-15,Sales
R95501,Tickets,197264.45,2026-02-05,Operations
R23499,Tickets,53327.4,2025-08-08,Sales
R81755,Tickets,169789.38,2025-04-01,Operations
R31922,Orders,66019.53,2025-08-09,Finance
R83265,Revenue,77756.41,2025-03-27,Operations
R43388,Revenue,141737.98,2025-08-17,Finance
R60743,Revenue,165933.05,2025-12-15,Sales
R30967,Revenue,181052.53,2025-07-01,Sales
R57214,Orders,196953.09,2025-12-23,Operations
R45605,Orders,197849.7,2025-04-11,Sales
R90933,Tickets,94548.4,2025-09-12,Sales
R75561,Orders,54420.92,2025-11-17,Sales
R12529,Revenue,89127.83,2025-10-13,Operations
R67641,Orders,177881.34,2025-08-10,Finance
R58590,Tickets,182440.51,2025-08-17,Operations
R99356,Revenue,52007.29,2026-01-02,Operations
R40402,Orders,159051.02,2025-03-17,Finance
R84579,Orders,114092.67,2025-11-13,Finance
R62827,Revenue,150573.04,2025-06-17,Finance
R71592,Tickets,198748.55,2026-01-20,Finance
R21783,Revenue,170741.91,2025-02-24,Sales
R99002,Orders,118680.18,2025-11-15,Sales
R36475,Tickets,128769.61,2026-02-06,Sales
R53512,Tickets,134579.09,2025-03-13,Operations
R99652,Revenue,164356.91,2025-05-13,Sales
R41160,Orders,126095.79,2026-01-30,Sales
R90466,Revenue,78900.63,2025-04-18,Sales
R78382,Orders,135684.83,2025-09-24,Sales
R86387,Tickets,76845.7,2025-05-18,Sales
R19724,Revenue,176514.22,2026-01-21,Finance
R30543,Orders,186665.6,2025-12-30,Finance
R36367,Tickets,149570.08,2025-11-17,Sales
R87945,Revenue,74771.39,2025-03-09,Operations
R43573,Revenue,190311.03,2025-03-26,Sales
R91550,Orders,133159.79,2025-03-07,Finance
R87030,Revenue,59683.25,2025-02-06,Finance
R65930,Orders,138852.44,2025-12-29,Finance
R88915,Tickets,150066.29,2025-02-27,Finance
R40047,Orders,157585.64,2025-10-04,Finance
R28060,Tickets,72579.13,2025-10-25,Operations
R43074,Tickets,154056.9,2025-07-21,Operations
R41174,Orders,56666.6,2025-03-01,Operations
R99471,Tickets,175147.55,2025-02-17,Finance
R39822,Revenue,104214.88,2025-07-02,Finance
R15624,Tickets,118584.8,2025-03-30,Operations
R42468,Revenue,160983.75,2026-01-30,Sales
R86621,Orders,177695.19,2025-05-12,Finance
R30911,Tickets,59467.27,2025-07-16,Finance
R44208,Tickets,57785.43,2025-07-08,Sales
R74868,Revenue,164543.84,2025-02-12,Operations
R67937,Orders,64499.93,2025-06-21,Sales
R20800,Orders,90469.97,2025-10-26,Finance
R42287,Tickets,192657.55,2025-07-06,Sales
R66739,Orders,166482.33,2025-03-21,Finance
R90782,Tickets,86963.18,2025-08-18,Operations
R75962,Tickets,61582.87,2025-05-29,Operations
R87642,Orders,169726.67,2025-03-16,Finance
R49343,Orders,149284.97,2025-12-04,Operations
R76376,Orders,98904.24,2025-11-18,Sales
R31124,Revenue,77202.5,2025-06-19,Sales
R62229,Revenue,179045.44,2025-08-16,Operations
R41238,Tickets,189350.38,2025-06-17,Sales
R45870,Tickets,105486.47,2025-09-10,Sales
R70982,Revenue,76905.6,2025-08-10,Finance
R12658,Orders,189416.06,2025-06-12,Finance
R66980,Revenue,149409.12,2025-11-16,Finance
R77784,Tickets,195570.62,2025-11-18,Finance
R42838,Orders,185063.4,2025-04-27,Finance
R50001,Orders,152679.21,2025-10-01,Finance
R65950,Orders,117769.68,2025-07-27,Sales
R62625,Tickets,106906.05,2025-05-05,Operations
R11241,Revenue,78265.28,2025-10-10,Sales
R74143,Tickets,78023.7,2025-06-07,Finance
R45599,Orders,168437.88,2025-10-28,Operations
R93109,Orders,93669.06,2025-02-14,Sales
R95789,Tickets,147260.31,2026-01-21,Finance
R15687,Tickets,124638.57,2025-12-08,Finance
R15292,Tickets,151228.79,2025-04-22,Sales
R37753,Tickets,127715.98,2025-02-14,Finance
R95802,Revenue,109676.46,2025-06-13,Sales
R97596,Revenue,203547.02,2025-08-14,Operations
R16579,Revenue,154598.15,2025-08-11,Sales
R22142,Tickets,95762.09,2025-07-07,Finance
R23369,Orders,58335.19,2025-08-23,Operations
R16121,Tickets,164457.24,2025-04-04,Sales
R10714,Tickets,124470.09,2025-09-03,Operations
R18806,Orders,85711.37,2025-04-09,Operations
R94161,Orders,117333.11,2025-10-02,Finance
R53351,Revenue,94622.28,2025-11-02,Operations
R74518,Revenue,138195.27,2026-01-23,Sales
R70474,Tickets,148794.79,2025-09-26,Finance
R57246,Orders,170611.98,2025-03-02,Finance
R49869,Revenue,194962.26,2025-10-17,Sales
R66776,Revenue,102633.25,2025-07-25,Finance
R29812,Tickets,115620.46,2025-06-21,Operations
R13311,Revenue,53347.5,2025-11-13,Finance
R50403,Orders,87584.87,2025-03-05,Sales
R26406,Orders,177505.95,2025-09-08,Finance
R23822,Orders,98025.99,2025-12-19,Sales
R66775,Revenue,55592.74,2025-07-18,Sales
R12864,Orders,154443.87,2025-11-10,Operations
R28398,Tickets,75876.27,2025-11-19,Finance
R96339,Orders,85244.39,2026-01-23,Finance
R86824,Revenue,130585.46,2025-05-29,Operations
R70402,Orders,121733.3,2025-06-11,Sales
R11372,Orders,168263.3,2026-01-31,Operations
R77368,Tickets,202976.04,2025-05-05,Operations
R91953,Orders,84741.42,2025-03-07,Sales
R78186,Orders,67749.02,2025-06-14,Sales
R10142,Tickets,146996.1,2025-07-08,Finance
R91415,Tickets,62507.81,2025-03-04,Sales
R36656,Orders,158649.71,2025-10-13,Finance
R66690,Orders,97773.88,2026-01-31,Sales
R41209,Orders,58512.2,2025-03-22,Sales
R24484,Orders,188495.54,2025-04-09,Operations
R20937,Orders,106698.98,2025-06-08,Finance
R17785,Revenue,110983.74,2025-12-19,Operations
R36156,Revenue,118717.96,2025-05-08,Finance
R57527,Tickets,113496.99,2025-08-29,Sales
R35118,Orders,183233.62,2025-07-17,Operations
R10822,Revenue,49181.26,2025-03-30,Sales
R17086,Orders,59223.05,2025-08-24,Sales
R72369,Revenue,161609.35,2025-10-05,Sales
R79873,Tickets,100784.26,2026-01-10,Operations
R29862,Revenue,161916.07,2025-12-20,Operations
R98947,Orders,66497.53,2025-02-23,Finance
R47781,Orders,143067.7,2025-05-13,Operations
R25173,Orders,152773.37,2025-10-05,Finance
R26217,Tickets,183294.95,2025-06-05,Finance
R34957,Orders,149825.02,2025-02-11,Finance
R74261,Tickets,94202.03,2025-08-15,Operations
R44016,Revenue,116116.07,2025-05-18,Finance
R60621,Revenue,107815.21,2025-08-03,Operations
R28094,Tickets,152502.59,2025-02-28,Operations
R53299,Orders,145048.4,2025-12-16,Finance
R98066,Orders,88111.79,2025-12-17,Operations
R32114,Orders,139468.38,2025-04-17,Operations
R44064,Orders,79244.06,2025-09-26,Operations
R74802,Orders,170433.34,2025-06-16,Operations
R79797,Tickets,73471.58,2026-01-12,Sales
R64306,Tickets,52683.5,2025-10-18,Finance
R19711,Orders,184346.58,2025-12-12,Operations
R63326,Orders,81993.91,2025-03-02,Sales
R48328,Tickets,116839.28,2025-05-18,Finance
R90394,Revenue,156477.25,2025-05-07,Finance
R63588,Tickets,90163.89,2025-06-26,Finance
R25675,Orders,79037.23,2025-08-01,Operations
R34255,Tickets,163989.57,2025-09-01,Sales
R27039,Tickets,75419.45,2025-04-28,Sales
R35495,Revenue,151938.95,2025-08-30,Finance
R47334,Tickets,100521.23,2025-10-22,Operations
R30062,Orders,172791.56,2025-12-16,Operations
R22280,Tickets,95615.78,2025-08-25,Sales
R64384,Revenue,61759.02,2025-04-19,Sales
R77330,Tickets,82569.82,2025-03-26,Operations
R99223,Tickets,103056.74,2025-07-09,Sales
R38508,Tickets,93837.86,2025-09-29,Sales
R66160,Tickets,86676.02,2025-08-29,Operations
R13660,Tickets,151046.41,2025-09-05,Sales
R95997,Tickets,56086.91,2025-04-01,Operations
R25484,Revenue,186621.43,2025-10-14,Finance
R21757,Revenue,87539.81,2025-11-22,Operations
R64730,Orders,53047.21,2025-09-29,Operations
R59338,Tickets,69246.06,2025-10-09,Sales
R11370,Orders,165677.67,2026-02-06,Sales
R41067,Revenue,172888.39,2025-04-29,Finance
R86400,Revenue,163837.13,2025-06-24,Finance
R60599,Orders,121814.95,2025-10-19,Operations
R92215,Tickets,69915.96,2025-02-19,Sales
R62340,Tickets,133025.67,2025-04-16,Sales
R25095,Orders,151351.57,2025-05-22,Finance
R92523,Tickets,84662.83,2026-01-06,Finance
R67950,Tickets,125137.18,2025-02-12,Finance
R92992,Orders,86408.14,2025-09-30,Sales
R55365,Orders,61746.33,2025-12-27,Operations
R53673,Orders,122201.06,2025-06-07,Operations
R60721,Orders,203292.9,2025-05-11,Sales
R99363,Tickets,153574.95,2025-07-20,Finance
R21585,Revenue,122657.15,2025-11-12,Sales
R36010,Tickets,92133.25,2025-10-27,Finance
R48663,Revenue,63037.12,2025-05-13,Sales
R37561,Revenue,83077.2,2025-11-24,Operations
R66161,Orders,152817.56,2025-10-31,Sales
R51366,Revenue,110949.93,2025-02-26,Finance
R17052,Tickets,186536.77,2025-07-23,Finance
R18865,Orders,132519.76,2025-04-21,Sales
R72847,Revenue,168939.44,2025-08-06,Finance
R97814,Revenue,112466.12,2025-06-02,Sales
R21544,Revenue,177619.33,2026-01-30,Sales
R59903,Orders,156485.23,2025-06-08,Operations
R41220,Orders,136730.53,2025-04-02,Operations
R42421,Orders,155009.91,2025-10-14,Operations
R79059,Revenue,185222.81,2025-08-26,Operations
R56755,Tickets,147552.35,2025-05-21,Sales
R28318,Tickets,86884.02,2025-09-16,Finance
R22763,Revenue,177478.44,2025-10-29,Finance
R14748,Orders,139056.45,2025-09-22,Sales
R72547,Revenue,50252.33,2025-05-13,Finance
R56751,Orders,105816.23,2025-11-10,Operations
R16911,Revenue,159030.85,2025-04-07,Sales
R18104,Orders,202705.56,2025-09-16,Finance
R22968,Tickets,168708.03,2025-08-20,Operations
R86160,Tickets,151226.16,2025-06-14,Sales
R14913,Orders,195065.9,2025-05-18,Operations
R53628,Orders,173595.92,2025-08-17,Operations
R85851,Orders,119488.65,2025-03-25,Operations
R90480,Orders,109309.32,2025-04-02,Finance
R92861,Tickets,112705.11,2025-08-11,Operations
R37770,Tickets,191825.16,2025-06-12,Operations
R81037,Revenue,68388.48,2025-10-08,Operations
R77388,Tickets,135359.08,2025-03-11,Finance
R95228,Tickets,186803.87,2025-11-12,Finance
R19246,Tickets,177524.14,2025-12-25,Finance
R49201,Revenue,201003.7,2025-11-19,Finance
R26144,Revenue,88860.63,2025-05-30,Finance
R45955,Tickets,188345.02,2025-07-20,Sales
R32486,Tickets,200665.33,2025-07-03,Sales
R62091,Orders,88215.03,2025-10-19,Sales
R23644,Orders,134099.69,2025-03-15,Finance
R61311,Revenue,61410.91,2026-01-13,Operations
R24375,Tickets,107933.38,2025-05-06,Operations
R83017,Revenue,179077.8,2025-05-31,Finance
R36264,Tickets,92996.67,2025-03-16,Sales
R89706,Tickets,108410.79,2025-06-10,Finance
R97580,Tickets,57721.24,2025-06-05,Finance
R67966,Orders,110641.91,2025-06-08,Sales
R38396,Tickets,199856.81,2025-03-12,Sales
R65731,Tickets,48338.4,2025-06-26,Finance
R38988,Tickets,115377.85,2025-06-20,Operations
R71000,Revenue,71744.35,2025-06-18,Finance
R70727,Tickets,94698.39,2025-12-03,Operations
R65884,Tickets,71574.63,2026-01-29,Operations
R97443,Tickets,119270.36,2025-05-09,Finance
R36151,Orders,139317.53,2025-03-11,Finance
R72620,Tickets,163145.47,2025-04-09,Finance
R21017,Tickets,179241.17,2025-08-03,Operations
R82418,Revenue,166886.56,2025-05-15,Sales
R52767,Orders,194956.84,2025-10-31,Finance
R56137,Tickets,184379.44,2025-12-15,Finance
R16540,Orders,68219.85,2025-10-09,Operations
R83908,Revenue,181691.19,2025-07-03,Finance
R62179,Tickets,108241.86,2025-06-02,Finance
R86829,Orders,124258.98,2025-02-07,Sales
R13297,Tickets,56752.59,2025-12-03,Finance
R34204,Revenue,149180.59,2025-05-21,Finance
R20083,Revenue,155992.65,2025-05-14,Sales
R93071,Revenue,119667.72,2025-05-08,Sales
R81119,Revenue,83585.92,2025-06-23,Finance
R83913,Orders,152238.6,2025-02-11,Operations
R37511,Tickets,68907.78,2025-03-26,Sales
R72898,Orders,136772.42,2025-10-30,Sales
R99507,Tickets,113181.14,2025-12-25,Finance
R48384,Orders,119449.74,2025-08-29,Finance
R72096,Orders,192581.76,2025-02-18,Sales
R10737,Tickets,144461.0,2025-04-05,Sales
R19908,Revenue,169524.34,2025-12-02,Operations
R64124,Orders,105573.17,2025-12-18,Sales
R33598,Tickets,159154.7,2025-09-22,Finance
R62738,Orders,146803.51,2025-09-05,Sales
R95602,Tickets,170349.08,2025-08-22,Operations
R61015,Orders,75800.03,2025-07-25,Operations
R41876,Orders,143745.95,2025-10-16,Operations
R88359,Revenue,129235.91,2026-01-16,Operations
R82000,Tickets,180836.15,2025-04-24,Finance
R54135,Tickets,140801.71,2025-02-27,Operations
R32543,Tickets,57608.97,2025-03-12,Finance
R96546,Tickets,105487.52,2025-12-21,Operations
R36712,Revenue,84495.18,2025-11-25,Finance
R15725,Orders,200211.55,2025-05-02,Operations
R30914,Revenue,135366.25,2025-07-18,Sales
R98370,Tickets,85349.72,2025-11-06,Sales
R38174,Orders,175197.26,2025-06-12,Sales
R77771,Tickets,195020.53,2025-06-22,Sales
R58741,Orders,138802.17,2025-04-20,Finance
R28341,Tickets,191931.88,2025-11-12,Sales
R96655,Tickets,60077.92,2025-06-19,Sales
R23249,Revenue,51019.11,2025-06-23,Operations
R64256,Revenue,90458.98,2025-07-06,Finance
R74874,Revenue,181072.78,2025-06-17,Finance
R74400,Revenue,77653.04,2025-07-17,Finance
R67307,Revenue,118436.12,2025-03-09,Operations
R88354,Revenue,182142.72,2025-08-19,Finance
R71352,Tickets,175684.29,2025-11-23,Sales
R57980,Orders,196001.78,2025-02-12,Sales
R44447,Revenue,122395.09,2025-07-26,Operations
R43304,Orders,196731.25,2025-04-07,Finance
R26935,Orders,195247.79,2025-12-14,Finance
R87456,Revenue,137190.17,2025-09-03,Operations
R15673,Orders,67721.54,2025-08-27,Operations
R94483,Orders,99046.82,2025-08-12,Finance
R97100,Orders,129048.76,2025-02-18,Finance
R66854,Tickets,92266.36,2025-09-06,Finance
R53606,Orders,100525.21,2025-10-14,Finance
R55919,Orders,182795.87,2025-07-07,Finance
R94315,Revenue,103970.99,2025-03-09,Operations
R39661,Tickets,94872.7,2025-03-24,Sales
R88846,Revenue,117487.26,2025-05-02,Operations
R42131,Tickets,59214.52,2025-02-12,Finance
R87281,Revenue,72838.88,2025-04-12,Sales
R43756,Orders,77113.32,2025-09-26,Finance
R28816,Orders,185761.68,2025-09-07,Finance
R93722,Orders,109289.87,2025-12-02,Operations
R37716,Orders,117181.75,2025-08-15,Operations
R14629,Orders,185556.37,2025-08-08,Sales
R88990,Tickets,167456.39,2025-03-23,Finance
R20429,Revenue,132423.11,2025-04-14,Finance
R96534,Tickets,144382.95,2025-04-08,Finance
R20050,Tickets,180403.52,2025-12-09,Finance
R24047,Tickets,165207.17,2025-03-01,Finance
R66089,Tickets,118446.51,2025-11-11,Sales
R38353,Revenue,150743.74,2025-10-10,Finance
R34909,Orders,94526.63,2025-11-22,Sales
R42197,Tickets,51843.88,2025-04-02,Finance
R33931,Revenue,168257.38,2025-12-15,Operations
R61748,Orders,111260.78,2025-10-08,Finance
R18999,Orders,159447.72,2025-07-04,Finance
R37703,Orders,163925.39,2025-08-20,Finance
R64754,Orders,150298.18,2025-08-23,Sales
R60377,Revenue,67114.96,2025-09-27,Sales
R68124,Tickets,152936.05,2025-03-28,Finance
R33246,Revenue,64187.09,2025-10-30,Sales
R77858,Revenue,97794.25,2025-02-19,Sales
R64303,Tickets,130085.75,2025-04-24,Operations
R89008,Revenue,194337.11,2025-06-27,Finance
R63506,Revenue,84804.8,2025-11-16,Finance
R46833,Orders,140490.81,2025-03-29,Finance
R89025,Orders,89173.21,2025-06-18,Finance
R56658,Orders,84586.39,2025-11-16,Operations
R96212,Orders,56718.67,2025-12-16,Operations
R62577,Orders,118317.21,2025-06-14,Finance
R31114,Revenue,60396.68,2026-01-05,Finance
R25732,Revenue,167013.83,2025-07-04,Sales
R73402,Orders,59773.69,2025-02-18,Sales
R96306,Tickets,55876.42,2025-03-13,Operations
R63089,Revenue,80362.32,2025-05-30,Finance
R67049,Orders,105851.17,2025-08-17,Sales
R52443,Tickets,158268.71,2025-10-25,Sales
R73789,Revenue,109578.03,2026-01-28,Finance
R87620,Tickets,178246.74,2025-10-24,Finance
R64267,Revenue,81948.13,2025-08-18,Finance
R92432,Orders,132567.92,2025-06-26,Operations
R59309,Revenue,196099.35,2025-03-20,Sales
R27096,Tickets,146047.63,2025-10-02,Sales
R74325,Revenue,104009.46,2025-02-24,Operations
R30764,Orders,192126.04,2025-07-20,Finance
R48130,Tickets,108905.47,2025-04-19,Sales
R40927,Tickets,199746.77,2025-12-05,Sales
R28984,Orders,157023.17,2025-07-22,Finance
R79306,Orders,186806.14,2025-04-29,Sales
R37423,Orders,153576.03,2025-08-27,Operations
R52442,Orders,52232.03,2025-10-18,Finance
R90441,Revenue,85984.91,2025-09-26,Finance
R39799,Tickets,153920.05,2025-09-23,Operations
R62114,Revenue,62864.3,2025-08-29,Sales
R17158,Orders,140844.51,2025-09-30,Operations
R23379,Revenue,98952.7,2025-09-05,Operations
R82921,Tickets,192878.92,2025-11-16,Finance
R21791,Orders,123265.01,2025-07-01,Sales
R29444,Revenue,88427.88,2025-03-24,Sales
R34394,Orders,113379.91,2025-07-30,Operations
R98364,Revenue,126352.35,2025-05-02,Sales
R12454,Tickets,174077.94,2025-06-01,Finance
R66279,Revenue,75501.0,2025-03-25,Operations
R62451,Revenue,110618.92,2026-01-19,Finance
R68928,Tickets,89053.81,2025-04-15,Sales
R37664,Tickets,177936.26,2025-12-18,Operations
R12443,Orders,146616.14,2025-10-23,Sales
R87539,Tickets,178621.8,2025-10-03,Operations
R18248,Tickets,121364.16,2025-10-09,Sales
R52640,Tickets,145197.33,2025-07-20,Finance
R80226,Revenue,106054.5,2025-12-10,Finance
R73096,Revenue,67150.31,2025-03-27,Finance
R32005,Tickets,133885.09,2025-09-05,Finance
R40789,Orders,113381.75,2025-07-28,Finance
R14597,Tickets,120128.82,2025-03-14,Finance
R94477,Revenue,177890.28,2025-08-12,Finance
R88385,Tickets,78941.01,2025-09-26,Sales
R98531,Orders,51666.89,2025-03-24,Finance
R46200,Tickets,111678.0,2025-08-01,Operations
R62054,Orders,75880.92,2025-05-10,Finance
R11486,Revenue,140713.08,2025-03-04,Sales
R11385,Orders,74298.4,2025-03-28,Operations
R58418,Orders,131705.91,2026-01-17,Operations
R16988,Tickets,194619.52,2025-10-18,Finance
R27636,Tickets,109474.55,2025-11-07,Sales
R51507,Orders,167338.99,2025-03-27,Operations
R10632,Tickets,52169.83,2025-07-12,Finance
R71528,Tickets,172699.89,2025-05-20,Finance
R30953,Orders,185452.87,2025-03-11,Finance
R83539,Tickets,78525.69,2025-06-23,Sales
R37419,Revenue,200336.3,2025-05-19,Operations
R77550,Tickets,102005.3,2025-02-17,Operations
R85329,Orders,73546.31,2025-03-26,Operations
R40224,Tickets,93765.33,2025-12-19,Sales
R74232,Orders,112327.91,2025-03-15,Sales
R91718,Orders,166225.54,2025-09-28,Operations
R91755,Orders,115279.92,2026-01-26,Operations
R34361,Revenue,189596.65,2026-01-02,Operations
R56760,Revenue,169197.66,2025-11-02,Finance
R36886,Tickets,147387.82,2025-08-15,Finance
R56369,Orders,136135.56,2026-01-07,Finance
R20512,Revenue,197350.22,2025-04-18,Sales
R90156,Tickets,174769.51,2025-06-17,Finance
R46120,Tickets,86193.45,2025-12-18,Finance
R23385,Revenue,111332.96,2025-12-01,Sales
R73996,Revenue,189826.71,2025-11-18,Operations
R79008,Tickets,92657.36,2025-07-04,Operations
R89164,Revenue,167723.93,2025-05-02,Operations
R34933,Orders,161753.18,2025-06-29,Operations
R90974,Revenue,193434.62,2025-08-06,Finance
R84116,Tickets,92402.69,2025-02-12,Sales
R19037,Orders,185437.4,2026-01-24,Sales
R39541,Tickets,190482.84,2026-01-24,Finance
R70904,Tickets,174157.8,2025-07-25,Operations
R44793,Revenue,74982.45,2025-02-10,Operations
R19709,Orders,150169.89,2025-09-30,Finance
R13021,Tickets,116691.01,2025-04-18,Sales
R92819,Orders,80471.0,2025-06-18,Finance
R20932,Orders,66276.62,2025-05-04,Operations
R43851,Orders,60956.39,2025-10-19,Finance
R85821,Tickets,147409.0,2025-05-01,Finance
R46624,Tickets,190533.16,2025-12-31,Operations
R69619,Orders,66221.14,2025-12-31,Sales
R32747,Orders,127545.22,2025-09-09,Finance
R67978,Orders,70461.17,2025-09-22,Operations
R63712,Orders,189439.7,2025-02-15,Sales
R64938,Revenue,53390.17,2025-12-08,Finance
R85028,Tickets,170579.37,2026-02-06,Operations
R62397,Tickets,72337.51,2025-05-19,Finance
R51770,Revenue,153055.6,2025-10-01,Finance
R24000,Revenue,121394.75,2025-10-01,Sales
R87497,Tickets,164894.73,2025-10-08,Finance
R12600,Revenue,147219.49,2025-04-09,Sales
R72030,Tickets,118390.34,2025-04-30,Finance
R69938,Orders,89353.76,2025-05-26,Sales
R77292,Orders,62915.87,2025-12-23,Finance
R70754,Revenue,73072.97,2025-04-12,Sales
R36388,Revenue,90123.13,2025-08-10,Sales
R17364,Revenue,69202.91,2025-11-15,Sales
R54639,Tickets,112083.8,2025-02-25,Sales
R64798,Revenue,184739.22,2025-08-27,Sales
R16685,Tickets,54598.31,2025-03-11,Finance
R44793,Tickets,114870.85,2025-08-16,Operations
R49833,Tickets,200985.67,2025-08-17,Finance
R78542,Revenue,111588.58,2025-08-21,Operations
R99862,Tickets,137959.25,2025-03-06,Operations
R11749,Revenue,50140.91,2025-05-01,Operations
R91939,Revenue,114883.69,2025-11-14,Finance
R70700,Revenue,181487.87,2025-05-14,Operations
R50914,Orders,56149.75,2025-04-24,Operations
R78538,Revenue,189430.3,2025-06-22,Finance
R47043,Orders,91464.37,2025-10-20,Finance
R66032,Revenue,116654.48,2025-03-04,Operations
R12404,Tickets,192200.24,2025-10-17,Finance
R90009,Tickets,128851.35,2025-08-06,Finance
R96326,Tickets,163241.69,2025-08-01,Operations
R18093,Tickets,96590.52,2025-06-18,Sales
R88871,Tickets,151418.64,2025-02-19,Sales
R15759,Revenue,174925.13,2025-10-17,Operations
R33129,Tickets,191262.13,2025-12-25,Operations
R42694,Revenue,111514.48,2025-05-17,Operations
R27287,Revenue,84820.48,2025-03-02,Sales
R94571,Tickets,119255.76,2025-06-17,Operations
R18412,Revenue,74260.25,2025-04-08,Sales
R17041,Tickets,138838.39,2025-12-21,Operations
R75935,Tickets,56029.99,2025-05-09,Finance
R52518,Revenue,156136.89,2025-06-09,Sales
R61876,Orders,156523.88,2025-03-26,Sales
R19781,Revenue,94746.32,2025-11-22,Operations
R86530,Revenue,55085.28,2025-07-18,Finance
R92643,Revenue,205674.67,2025-03-25,Operations
R33289,Tickets,158546.44,2025-08-19,Operations
R90877,Revenue,113293.09,2025-07-24,Finance
R49791,Orders,190647.4,2025-10-11,Operations
R90689,Tickets,136812.4,2025-07-28,Sales
R39659,Tickets,55038.03,2025-06-30,Finance
R82296,Revenue,171902.6,2026-02-03,Sales
R29760,Revenue,112748.29,2025-10-09,Operations
R52811,Orders,68938.94,2025-07-20,Finance
R27919,Orders,176390.72,2026-01-12,Finance
R83065,Revenue,83107.43,2025-10-14,Operations
R32201,Revenue,185967.61,2025-05-24,Sales
R31024,Orders,96344.07,2025-03-23,Finance
R45662,Tickets,82239.25,2025-08-25,Sales
R76328,Revenue,51151.31,2025-05-14,Sales
R87595,Orders,192838.73,2025-09-09,Operations
R20831,Tickets,106128.02,2025-07-06,Operations
R98742,Revenue,187395.62,2025-06-25,Sales
R34445,Tickets,71015.79,2025-08-17,Operations
R63101,Tickets,48708.28,2025-10-24,Finance
R97360,Orders,139118.48,2025-10-04,Finance
R36110,Orders,149139.71,2025-05-24,Sales
R99897,Tickets,195665.39,2025-11-15,Sales
R45510,Tickets,101024.92,2026-01-08,Operations
R81946,Orders,86940.41,2025-04-10,Operations
R15790,Orders,81321.35,2025-09-11,Operations
R80654,Revenue,88398.38,2025-11-07,Finance
R59853,Tickets,86457.11,2025-09-26,Sales
R82758,Orders,73548.48,2025-12-08,Finance
R11465,Tickets,189596.53,2025-08-16,Finance
R17271,Tickets,188456.94,2025-02-16,Sales
R78624,Revenue,63088.75,2025-12-19,Finance
R50111,Orders,132075.73,2025-12-18,Sales
R34885,Tickets,142980.43,2025-10-01,Finance
R71376,Orders,93538.9,2025-10-18,Finance
R35635,Orders,109499.71,2026-02-05,Operations
R18142,Tickets,61963.28,2025-06-06,Sales
R33583,Tickets,125212.16,2025-09-06,Finance
R95600,Orders,91606.2,2025-05-07,Operations
R96244,Orders,148081.71,2025-07-18,Sales
R12559,Tickets,125893.77,2025-02-16,Sales
R47172,Orders,80020.69,2025-08-11,Operations
R90008,Revenue,150924.55,2025-10-31,Finance
R77471,Orders,187123.27,2025-11-20,Finance
R83245,Orders,82949.93,2025-07-16,Finance
R78852,Revenue,75256.57,2025-08-31,Finance
R91915,Tickets,180508.74,2025-04-07,Finance
R88959,Orders,170076.02,2025-05-06,Finance
R77859,Revenue,105615.39,2025-08-01,Sales
R89575,Revenue,96416.6,2025-12-20,Finance
R43131,Tickets,198745.18,2025-03-18,Operations
R93108,Orders,75224.76,2025-08-12,Finance
R65156,Revenue,94409.17,2025-10-09,Finance
R75258,Revenue,70048.33,2025-10-05,Operations
R15286,Revenue,182434.48,2025-06-12,Operations
R25815,Tickets,105220.62,2025-08-01,Sales
R93691,Tickets,185282.89,2025-04-14,Operations
R89085,Orders,53140.02,2025-08-23,Sales
R28629,Orders,55223.48,2025-11-29,Sales
R58762,Orders,148062.7,2025-04-17,Finance
R59695,Tickets,193367.64,2025-11-25,Sales
R62948,Revenue,187564.65,2025-08-29,Sales
R80699,Revenue,95241.32,2026-01-01,Finance
R26147,Tickets,79059.05,2026-01-19,Sales
R64455,Tickets,61610.03,2025-12-13,Finance
R23199,Revenue,55284.93,2025-03-20,Finance
R25345,Tickets,71865.94,2025-10-13,Sales
R40477,Orders,196389.25,2025-08-04,Sales
R46285,Revenue,131351.36,2025-05-23,Sales
R59724,Tickets,101817.86,2025-12-15,Sales
R14327,Orders,190172.65,2025-07-24,Operations
R79075,Revenue,119766.63,2025-04-04,Sales
R70567,Orders,101935.35,2025-05-03,Sales
R44871,Revenue,86383.9,2025-12-05,Sales
R32941,Tickets,199121.74,2025-12-10,Finance
R49176,Revenue,93936.59,2025-06-19,Finance
R87117,Orders,143632.76,2025-03-25,Finance
R11926,Revenue,119772.93,2025-07-23,Operations
R62241,Revenue,153473.99,2025-08-17,Operations
R86478,Tickets,124230.22,2025-05-29,Operations
R77445,Orders,178241.69,2025-06-17,Operations
R54444,Orders,205082.01,2026-01-27,Operations
R36159,Revenue,68639.43,2025-11-24,Operations
R98577,Revenue,168983.33,2025-04-05,Finance
R92881,Tickets,117757.45,2025-12-28,Operations
R28440,Revenue,98142.83,2025-10-15,Finance
R84719,Revenue,130891.77,2025-09-22,Operations
R28523,Tickets,141524.87,2025-11-19,Operations
R76273,Tickets,162251.46,2025-09-14,Finance
R65229,Revenue,127896.27,2025-12-26,Finance
R28593,Revenue,50385.11,2025-12-13,Finance
R36870,Orders,165530.88,2025-04-17,Finance
R63772,Revenue,53563.31,2025-10-02,Operations
R74529,Tickets,121049.53,2025-03-19,Sales
R80296,Orders,134739.1,2025-03-11,Finance
R53134,Revenue,142219.53,2025-05-23,Operations
R74680,Orders,75046.14,2025-07-24,Finance
R93720,Tickets,159985.59,2025-07-11,Operations
R45171,Orders,154235.57,2025-07-15,Operations
R99771,Revenue,143355.32,2025-10-19,Sales
R18996,Orders,155339.29,2025-08-26,Sales
R61078,Tickets,81362.34,2025-09-25,Sales
R12020,Orders,79510.24,2025-03-02,Operations
R65544,Tickets,141005.12,2026-01-23,Finance
R61598,Orders,191937.86,2025-12-09,Sales
R68838,Tickets,93716.16,2025-10-05,Operations
R69251,Tickets,91393.54,2026-01-20,Sales
R28456,Revenue,133233.48,2025-12-30,Finance
R57584,Orders,183567.09,2025-10-26,Operations
R72208,Tickets,54018.03,2025-07-24,Sales
R87677,Tickets,75785.05,2025-09-07,Finance
R32339,Revenue,53208.97,2025-03-25,Operations
R47496,Tickets,86694.97,2026-01-01,Operations
R27711,Orders,176193.14,2025-03-30,Finance
R31697,Revenue,108507.96,2025-11-23,Operations
R15487,Orders,178680.66,2025-03-06,Finance
R78285,Orders,184294.8,2026-01-30,Finance
R56643,Tickets,87513.21,2025-08-30,Finance
R28355,Revenue,163071.03,2025-08-30,Finance
R23179,Tickets,136011.64,2025-07-27,Operations
R95822,Revenue,123691.34,2025-04-20,Sales
R12423,Orders,181663.81,2025-05-24,Sales
R12390,Revenue,77149.75,2025-10-25,Operations
R27314,Orders,116468.67,2025-07-21,Finance
R27733,Tickets,95710.24,2025-06-29,Operations
R16497,Tickets,176668.95,2025-04-08,Sales
R42509,Revenue,159303.08,2025-04-07,Operations
R98412,Revenue,105867.49,2025-11-14,Operations
R47607,Revenue,95739.54,2025-11-06,Finance
R71876,Tickets,57408.38,2026-02-05,Finance
R90102,Orders,98392.35,2026-01-21,Finance
R73448,Tickets,154197.17,2025-04-19,Operations
R77176,Revenue,174166.96,2025-03-10,Finance
R72331,Orders,187124.36,2025-06-19,Finance
R81282,Tickets,190213.32,2025-10-17,Sales
R22165,Tickets,101076.5,2025-09-27,Sales
R29578,Revenue,167803.48,2025-05-01,Sales
R89921,Tickets,81412.72,2025-05-08,Finance
R36246,Orders,81236.53,2025-04-23,Finance
R62168,Orders,164869.46,2025-04-28,Operations
R91002,Orders,162393.67,2025-02-20,Operations
R77972,Tickets,58369.91,2025-07-26,Sales
R32585,Tickets,186177.59,2025-09-18,Finance
R88913,Orders,150713.66,2025-12-21,Finance
R42220,Orders,149737.75,2025-11-06,Operations
R62632,Orders,79026.31,2025-11-07,Operations
R63102,Tickets,121426.64,2025-09-29,Sales
R14994,Revenue,109101.21,2025-12-07,Finance
R72430,Orders,193910.26,2025-07-03,Sales
R74973,Tickets,130485.85,2025-11-24,Finance
R81081,Tickets,178351.58,2025-03-10,Operations
R43429,Revenue,145078.65,2025-07-13,Sales
R73575,Tickets,82893.25,2025-06-12,Sales
R36491,Revenue,155131.7,2025-05-21,Finance
R65595,Tickets,115042.12,2025-08-11,Operations
R71852,Revenue,130114.96,2025-09-03,Operations
R33421,Orders,130639.33,2025-10-07,Sales
R95258,Tickets,150261.05,2025-10-11,Finance
R54303,Tickets,153752.74,2025-03-29,Operations
R26065,Orders,85864.44,2025-07-02,Sales
R27573,Orders,70825.28,2025-08-07,Operations
R41136,Orders,140360.57,2025-10-10,Sales
R14164,Revenue,61731.97,2025-08-14,Operations
R97015,Orders,52724.81,2025-10-21,Finance
R37151,Tickets,143781.41,2025-11-18,Sales
